Input Sentence,Predicted Sentence,Original Sentence
ank,एंक,अंक
anka,अंका,अंक
ankit,अंकित,अंकित
anakon,अनाकों,अंकों
ankhon,अंखों,अंकों
ankon,अंकों,अंकों
angkor,अंगकोर,अंकोर
ankor,अंकोर,अंकोर
angaarak,अंगारक,अंगारक
angarak,अंगरक,अंगारक
angraji,अंग्रजी,अंग्रज़ी
angreji,अग्रेंजी,अंग्रज़ी
angrzi,अंग्रजी,अंग्रज़ी
antah,अंताह,अंतः
antaha,अंताहा,अंतः
antarmukh,अंतरमूख,अंतर्मुख
antmurkh,अंतमुर्ख,अंतर्मुख
antrmukh,अंतरमुख,अंतर्मुख
andrabee,अंद्रबी,अंद्राबी
andrabi,अंडराबी,अंद्राबी
andha,अंधा,अंधा
andhapan,अंधपन,अंधापन
andheri,अंधेरी,अंधेरी
ambaani,अंबानी,अंबानी
ambani,अंबानी,अंबानी
akram,अक्रम,अकरम
acapulco,एकल्कोल,अकापुल्को
akapulko,अकपुलकों,अकापुल्को
akhand,अखंद,अखंड
akhil,अखिल,अखिल
agavai,अगवाई,अगवाई
agvaai,अजवाई,अगवाई
augustine,ऑगस्टीन,अगस्टाइन
augustustine,अगस्टस्टीन,अगस्टाइन
agsta,अजस्ता,अगस्ता
agusta,अगुस्ता,अगस्ता
augusta,औगस्ता,अगस्ता
agr,एग्र,अग्र
agra,अग्र,अग्र
achambha,अछंभा,अचंभा
achanbha,अछंभा,अचंभा
achievement,अचिवेमेंट,अचीवमेंट
achivement,अचिवेमेंट,अचीवमेंट
acchi,अछी,अच्छी
achchi,अछी,अच्छी
achhi,अछी,अच्छी
achyut,अछुत,अच्युत
achhanera,अछानेरा,अछनेरा
achnera,अछनेरा,अछनेरा
ajmeedh,अजमीध,अजमीढ़
ajhar,अझार,अजहर
azhar,अझार,अजहर
ajit,अजीत,अजित
agnat,अज्ञात,अज्ञात
agyaat,अज्ञात,अज्ञात
agyat,अज्ञात,अज्ञात
atakta,अटकता,अटकता
atkata,अटकता,अटकता
atake,अटके,अटके
atke,अटके,अटके
atwaal,अटवाल,अटवाल
atwal,अटवाल,अटवाल
attahasa,अट्टाहासा,अट्टहास
atthaas,अत्थास,अट्टहास
atthas,अत्थास,अट्टहास
addon,अद्दों,अड्डों
athak,अथक,अथक
atharv,अथर्व,अथर्व
atharva,अथर्व,अथर्व
adad,अदद,अदद
adaani,अदानी,अदाणी
adani,अदानी,अदाणी
advait,अद्वैत,अद्वैत
adwait,अद्वैत,अद्वैत
advaitvaad,अद्वैत्ववाद,अद्वैतवाद
advaitwad,अद्वैत्ववाद,अद्वैतवाद
adhivas,अधिवास,अधिवास
adhiwas,अधिवास,अधिवास
advivas,अद्विवास,अधिवास
adhiik,अधीक,अधीक
adhik,आधिक,अधीक
adhyayanarat,अध्ययनारात,अध्ययनरत
adhyayanrat,अध्ययनरात,अध्ययनरत
adhyaynrat,अध्ययनर्यात,अध्ययनरत
anant,अनांत,अनंत
ananti,अनांती,अनंती
angadh,अंगाध,अनगढ़
angarh,अंगरह,अनगढ़
anchahe,अंचाहे,अनचाहे
anthak,अंतक,अनथक
unthak,उंथक,अनथक
anhoni,अनहोनी,अनहोनी
anaavashyak,अनावश्यक,अनावश्यक
anavashyak,अनावश्यक,अनावश्यक
anavshyak,अनावश्यक,अनावश्यक
anawashyak,अनावश्यक,अनावश्यक
anik,अणिक,अनिक
anishwarvadi,अनिश्वर्वादी,अनीश्वरवादी
anishwarwadi,अनिश्वर्वादी,अनीश्वरवादी
anukoltha,अनुकूलता,अनुकूलता
anukulata,अनुकुलता,अनुकूलता
anukulta,अनुकुलता,अनुकूलता
anuchit,अनुचित,अनुचित
anuprayogi,अनुप्रयोगी,अनुप्रयोगों
anuprayogon,अनुप्रयोगों,अनुप्रयोगों
anupryogon,अनुप्रयोगों,अनुप्रयोगों
anureet,अनुरीत,अनुरीत
anurit,अनुरित,अनुरीत
anuthi,अनुठी,अनूठी
anudit,अनुदीत,अनूदित
anyaay,अन्याय,अन्याय
anyay,अन्याय,अन्याय
anyaya,अन्याय,अन्याय
apnani,अपनानी,अपनानी
aparivartanshali,अपरिवर्तनशाली,अपरिवर्तनशील
aparivartansheel,अपरिवर्तनशील,अपरिवर्तनशील
aparivartanshil,अपरिवर्तनशील,अपरिवर्तनशील
apariharya,अपरिहार्य,अपरिहार्य
aprihary,अपरहार्य,अपरिहार्य
apriyary,अप्रियर्यी,अपरिहार्य
apavartit,अपवर्तित,अपवर्तित
apvartit,अपवर्तित,अपवर्तित
apvtrit,अपवत्रित,अपवर्तित
apaardarshi,अपारदर्शी,अपारदर्शी
apardarshi,अपरदर्शी,अपारदर्शी
afroj,अफरोज,अफरोज
afroz,अफरोज,अफरोज
africa,अफ्रिका,अफ्रीका
abbaasi,अब्बासी,अब्बासी
abbasi,अबासी,अब्बासी
abhimat,अभिमत,अभिमत
abhishap,अभिषाप,अभिशाप
abhi,अभी,अभी
amjhera,अमझेरा,अमझेरा
amzera,अमजेरा,अमझेरा
amargad,अमरगाद,अमरगढ़
amargarh,अमरगढ़,अमरगढ़
amarpaal,अमरपाल,अमरपाल
amarpal,अमरपाल,अमरपाल
amarohi,अमारोही,अमरोही
amrohi,अमरोही,अमरोही
amaanat,अमानत,अमानत
amanat,अमानत,अमानत
amanth,अमांत,अमानत
amaanati,अमानती,अमानती
amanathi,अमानाथी,अमानती
amanati,अमानती,अमानती
amavasya,अमावस्या,अमावस्या
amavsya,अमावस्या,अमावस्या
amit,अमित,अमित
amitao,अमिताओं,अमिताव
amitav,अमितव,अमिताव
amuk,अमूक,अमुक
amogh,अमोग,अमोघ
ambani,अंबानी,अम्बानी
ayodhyaanaath,अयोध्यानाथ,अयोध्यानाथ
ayodhyanaath,अयोध्यनाथ,अयोध्यानाथ
ayodhyanath,अयोध्यनाथ,अयोध्यानाथ
ayodhyeanath,अयोध्यनाथ,अयोध्यानाथ
aradas,अरदास,अरदास
ardaas,अरदास,अरदास
ardas,अर्दास,अरदास
arabab,अरबब,अरबाब
arbab,अरबब,अरबाब
around,आर्डांड,अराउंड
arjent,अरजेंट,अर्जेंट
urgent,अर्जेंट,अर्जेंट
arth,अर्थ,अर्थ
artha,अर्था,अर्थ
earth,ईर्थ,अर्थ
earthquake,इर्थकाके,अर्थक्वेक
arthon,अर्थों,अर्थों
arpit,अर्पित,अर्पित
aryama,अर्यमा,अर्यमा
aryma,अर्यमा,अर्यमा
arymaa,अर्यमा,अर्यमा
alankaar,अलंकार,अलंकार
alankar,अलंकार,अलंकार
alnkaar,अलंकार,अलंकार
alankaaron,अलंकारों,अलंकारों
alankaron,अलंकरों,अलंकारों
alnkaaron,अलंकारों,अलंकारों
alnkaron,अलंकारों,अलंकारों
alagavavadi,अलगवांडी,अलगाववादी
algavvadi,अल्गववादी,अलगाववादी
algavwaadi,अल्गववादी,अलगाववादी
alive,अलीव,अलाइव
alance,ऐलंस,अलायंस
alayans,अलायंस,अलायंस
aliance,एलायंस,अलायंस
alind,अलींद,अलिंद
alai,अलाई,अली
ali,अली,अली
alii,अली,अली
alonso,एल्सोंसो,अलोंसो
aloso,एलोसो,अलोंसो
alphabet,अल्फबेत,अल्फ़ाबेट
alba,अलबा,अल्बा
avantipur,अवंतीपुर,अवंतिपुर
awantipora,अवंतीपोर,अवंतिपुर
avaru,अवरू,अवरु
avru,अवरू,अवरु
awaru,अवरू,अवरु
avarodhak,अवरोधक,अवरोधक
avrodhak,अवरोधक,अवरोधक
avrodhk,अवरोधक,अवरोधक
avarnata,अवर्णता,अवर्णता
avarnataa,अवर्णता,अवर्णता
avranta,अवरांता,अवर्णता
avashist,अवशिस्त,अवशिष्ट
avshisht,अवशिष्ट,अवशिष्ट
awashist,अवशिस्त,अवशिष्ट
avasthaayen,अवस्थाएं,अवस्थाएं
avsthaen,अवस्थाएं,अवस्थाएं
avsthayen,अवस्थाएं,अवस्थाएं
awasthaen,अवस्थाएं,अवस्थाएं
avi,अवी,अवि
avika,अविका,अविका
aviral,अविरल,अविरल
avirl,अवर्ल,अविरल
avishvaasniy,अविश्वासनीय,अविश्वसनीय
avishvasniy,अविश्वसनीय,अविश्वसनीय
avishvasniya,अविश्वसनीय,अविश्वसनीय
avisvasniya,अविस्वसनीय,अविश्वसनीय
aviva,अविवा,अवीवा
avaigyanic,अवैग्यानिक,अवैज्ञानिक
avaigyanik,अवैग्यानिक,अवैज्ञानिक
avegyanik,अवेग्यानिक,अवैज्ञानिक
ashaktataa,अशकता,अशक्तता
ashktta,अशकता,अशक्तता
asharaphi,अशराफी,अशरफी
ashrafi,अश्रफी,अशरफी
ashariri,अशरीरी,अशरीरी
ashriri,अश्रीरी,अशरीरी
ashrvatath,अश्रवत्थ,अश्वत्थ
ashvtth,अश्वत्थ,अश्वत्थ
asamaany,असमान्य,असमान्य
asamany,असमान्य,असमान्य
asmanye,असमानी,असमान्य
asaamnjsy,असामंज्य,असामंजस्य
asamanjasy,असमंजस्य,असामंजस्य
asamanjasya,असमंजस्य,असामंजस्य
asurakshit,असुरक्षित,असुरक्षित
asurkshit,असुरक्षित,असुरक्षित
aset,असेट,असेट
asset,असेट,असेट
asvabhavik,अस्वाभाविक,अस्वभाविक
aswabhavik,अस्वाभाविक,अस्वभाविक
aswbhavik,अस्वभाविक,अस्वभाविक
ahirauli,अहिरौली,अहिरौली
item,इटम,आइटम
items,आईट्रेंस,आइटम्स
idle,इडल,आइडल
idol,आइडल,आइडल
icc,आईसीसी,आइसीसी
iso,आईएसओ,आइसो
ipc,आईपीसी,आईपीसी
ipad,इपाद,आईपैड
iris,आइरिस,आईरिस
ounce,आउन्स,आउंस
aakaash,आकाश,आकाश
aakash,आकाश,आकाश
aake,आके,आके
aakhet,आखेत,आखेट
akhet,अखेत,आखेट
aagat,आगात,आगत
aagaman,आगमान,आगमन
aagman,आगमान,आगमन
aagaa,आगा,आग़ा
aagah,आगाह,आग़ा
agha,अग्घा,आग़ा
aagaashe,आगाशे,आगाशे
aagashe,आगाशे,आगाशे
agashe,अग्शेश,आगाशे
aajmaanaa,आजमाना,आजमाना
aajmana,आजमाना,आजमाना
aazmaanaa,आजमाना,आजमाना
aata,आता,आटा
ata,अता,आटा
atta,अट्टा,आटा
aatmayen,आत्मायें,आत्माएं
atmaen,अत्माएं,आत्माएं
aadaan,आदान,आदान
aadan,आदन,आदान
aadhaarit,आधारित,आधारित
aadharit,आधारित,आधारित
adharit,अधारित,आधारित
aadheen,आधीन,आधीन
aadhin,आधीन,आधीन
aadhunik,आधुनिक,आधुनिक
aanad,आनद,आनद
aanand,आनंद,आनद
anand,अनंद,आनद
aapka,आपका,आपका
aapkaa,आपका,आपका
aapadaaaen,आपदाएं,आपदाएं
aapdaein,आपदाएं,आपदाएं
aapdayein,आपदाएं,आपदाएं
aabantit,आबंतित,आबंटित
abantit,अबंतित,आबंटित
aabru,आबृ,आबरू
abaru,अबारू,आबरू
aamdan,आमदान,आमदन
amadan,अमादन,आमदन
aamdani,आमदानी,आमदनी
amadani,अमादानी,आमदनी
aamdi,आमदी,आमदी
amdi,अमदी,आमदी
aamod,आमोद,आमोद
amod,अमोद,आमोद
aayenge,आयेंगे,आयेंगे
aayojak,आयोजक,आयोजक
ro,रो,आरओ
rp,आरपी,आरपी
aaraam,आराम,आराम
aaram,आरम,आराम
aram,अरम,आराम
aarushi,आरूषी,आरुषि
arushi,अरुशी,आरुषि
artery,आर्टेरी,आर्टरी
order,ऑर्डर,आर्डर
aary,आर्य,आर्य
aarya,आर्या,आर्य
arya,आर्या,आर्य
aaryika,आर्यिका,आर्यिका
aryika,अर्यिका,आर्यिका
aarya,आर्या,आर्यो
arya,आर्या,आर्यो
aryo,एरियो,आर्यो
aaryan,आर्यान,आर्यों
arya,आर्या,आर्यों
aryon,आर्यों,आर्यों
aalsi,आलसी,आलसी
alasi,अलासी,आलसी
aalochak,आलोचक,आलोचक
alochak,अलोचक,आलोचक
aalochakon,आलोचकों,आलोचकों
alochakon,अलोचकों,आलोचकों
aalha,आल्हा,आल्हा
aalhaa,आल्हा,आल्हा
alha,अल्हा,आल्हा
allah,अल्लाह,आल्हा
aawaazen,आवाजें,आवाज़ें
aawajen,आवाजें,आवाज़ें
awaazen,आवाजें,आवाज़ें
awazen,आवाजें,आवाज़ें
aawajon,आवाजों,आवाज़ों
aawazon,आवाजों,आवाज़ों
awaazon,आवाजों,आवाज़ों
awazon,आवाजों,आवाज़ों
aavishakaar,आविषाकार,आविष्कार
aavishkaar,आविष्कार,आविष्कार
avishkar,अविष्कार,आविष्कार
aavriti,आवृति,आवृत्ति
aavritti,आवृत्ति,आवृत्ति
avuti,आवूती,आवृत्ति
aavritiyon,आवृतियों,आवृत्तियों
aavrittiyon,आवृत्तियों,आवृत्तियों
avrutiyon,अवृतियों,आवृत्तियों
aashanka,आशंका,आशंका
ashanka,अशंका,आशंका
aashriton,आश्रीतों,आश्रितों
ashriton,अश्रीतों,आश्रितों
aasaan,आसान,आसान
aasan,आसान,आसान
asan,असान,आसान
aastik,आस्तिक,आस्तिक
astik,अस्तिक,आस्तिक
aasteen,आस्तीन,आस्तीन
aastin,आस्तिन,आस्तीन
astin,अस्टिन,आस्तीन
aahnaan,आहनान,आह्नान
aahnan,आहनान,आह्नान
ahyan,अह्ह्यान,आह्नान
england,इंग्लैंड,इंग्लैंड
engineer,इंजीनियर,इंजिनियर
introduction,इंट्रोडक्शन,इंट्रोडक्शन
insurance,इनसारेंस,इंश्योरेंस
ear,इयर,इअर
eyer,इयर,इअर
eon,इयोन,इआन
iaan,इयान,इआन
ekattha,इक्ट्ठा,इकट्ठा
ikattha,इक्ट्ठा,इकट्ठा
ekatthi,इकट्ठी,इकठ्ठी
ekthi,इक्ठी,इकठ्ठी
ikatthi,इकट्ठी,इकठ्ठी
ekaee,ईकाई,इकाई
ikai,ईकाई,इकाई
ekaeyon,ईकाईयों,इकाईयों
ikaiyon,इकाइयों,इकाईयों
ikarion,इकारियों,इकाईयों
economic,इकोनोमिक,इकोनोमिक
ecuador,सेयुआडोर,इक्वाडोर
equador,एक्युआडोर,इक्वाडोर
equities,एक्टीटीस,इक्विटीज
ikvitija,इकवितीजा,इक्विटीज
ijaajat,इजाज़त,इजाजत
ijajat,इजाज़त,इजाजत
inhalation,इन्हालेशन,इनहेलेशन
inhaletion,इन्हेलेशन,इनहेलेशन
ibija,इबिजा,इबीजा
ibiza,इबिज़ा,इबीजा
imaging,इमागिंग,इमेजिंग
immune,इम्यून,इम्युन
elaichi,इलाइची,इलाइची
ilaichi,इलाइची,इलाइची
ilayachi,इलायाची,इलाइची
ilayichi,इलायिची,इलाइची
elaaj,इलाज,इलाज
ilaaj,इलाज,इलाज
ilaj,इलाज,इलाज
ishaak,इशाक,इशाक
ishaaq,इशाक,इशाक
ishak,इशाक,इशाक
ishaara,इशारा,इशारा
ishaaraa,इशारा,इशारा
ishara,इशरा,इशारा
ishita,इशीता,इशिता
isht,इश्त,इष्ट
isteefe,इस्टीफ,इस्तीफे
istife,इस्टाइफ,इस्तीफे
ea,इय,ईए
ia,इया,ईए
eater,ईटर,ईटर
iter,ईटर,ईटर
email,इमैल,ईमेल
emailon,एमैलॉन,ईमेलों
emelon,इमेलों,ईमेलों
evening,इवेनिंग,ईवनिंग
east,ईस्ट,ईष्ट
ishat,इश्यात,ईष्ट
isht,इश्त,ईष्ट
isaaiyon,इसाइयों,ईसाइयों
isaiyon,ईसाईयों,ईसाइयों
isayiyon,ईसाईयों,ईसाइयों
ikhrul,इखरुल,उखरुल
ukhrool,उखरूल,उखरुल
ukhrul,उखरूल,उखरुल
uchhalane,उछलने,उछालने
uchhalne,उछलने,उछालने
ujback,युजबैक,उज़्बेक
uzbek,उज़बक,उज़्बेक
uthane,उठाने,उठने
uthne,उठने,उठने
uthaakar,उठाकर,उठाकर
uthakar,उठाकर,उठाकर
uthaapatak,उठापतक,उठापटक
uthapatak,उथापातक,उठापटक
uthen,उठें,उठें
udaan,उदान,उड़ान
udan,उदान,उड़ान
udaanaa,उदाना,उड़ाना
udana,उड़ना,उड़ाना
udaane,उड़ाने,उड़ाने
udane,उड़ने,उड़ाने
udaanen,उदानें,उड़ानें
udanen,उदानें,उड़ानें
udaanon,उदानों,उड़ानों
udanon,उदनों,उड़ानों
utane,उतने,उतने
utaney,उतने,उतने
utne,उतने,उतने
uttara,उतरा,उत्तरा
uttra,उत्तरा,उत्तरा
utpan,उत्पान,उत्पन
udant,उदंत,उदंत
udghosh,उदघोष,उदघोष
udar,उदार,उदर
uda,उड़ा,उदा
udaa,उड़ा,उदा
udakishuganj,उद्यकिषजंज,उदाकिशुनगंज
udakishunganj,उद्यकिषंज,उदाकिशुनगंज
unatees,उनातीस,उनतीस
untees,यूंटीस,उनतीस
uniyal,यूनियाल,उनियाल
upadraviyon,उपद्रवियों,उपद्रवियों
updravion,उपद्रवियों,उपद्रवियों
updraviyon,उपद्रवियों,उपद्रवियों
upadravi,उपद्रवी,उपद्रवी
updravi,उपद्रवी,उपद्रवी
upadrawon,उपद्रवों,उपद्रवों
updravon,उपद्रवों,उपद्रवों
upneta,उपनेता,उपनेता
upabhokta,उपभोक्त,उपभोक्ता
upbhokta,उपभोक्त,उपभोक्ता
uplaksh,उपलक्ष,उपलक्ष्य
uplakshay,उपलक्षय,उपलक्ष्य
uplakshya,उपलक्ष्य,उपलक्ष्य
uplabdh,उपलब्ध,उपलब्ध
uplabdhiyon,उपलाबद्धियों,उपलब्धियों
uplabdhi,उपलब्धी,उपलब्धी
upakhyaanon,उपाख्यानों,उपाख्यानों
upakhyanon,उपाख्यानों,उपाख्यानों
ubuntu,उबंतु,उबंटू
ubaal,उबाल,उबाल
ubal,उबल,उबाल
ubhaara,उभारा,उभारा
ubhara,उभरा,उभारा
umanath,उमानाथ,उमानाथ
umesh,उमेश,उमेश
urf,यूआरफी,उर्फ
urfa,उर्फा,उर्फ
urff,अरफ,उर्फ
urvarakon,उर्वारकों,उर्वरकों
urvarkon,उर्वरकों,उर्वरकों
urwarakon,उर्वारकों,उर्वरकों
urvarata,उर्वरता,उर्वरता
urvarta,उर्वरता,उर्वरता
urwarta,उर्वारता,उर्वरता
ulate,उलते,उलटे
ulte,उल्टे,उलटे
ulahana,उलहना,उलाहना
ulahna,उलहना,उलाहना
ulema,उलेमा,उलेमा
ulemaon,उल्लेमाओं,उलेमाओं
usak,उसक,उसक
usaki,उसकी,उसकी
uski,उसकी,उसकी
usmein,उसमें,उसमें
usmen,उसमें,उसमें
usi,उसी,उसी
ustara,उस्तारा,उस्तरा
udharv,उधारव,ऊर्ध्व
udhrva,उधर्व,ऊर्ध्व
urdhav,उर्धव,ऊर्ध्व
ushma,उष्मा,ऊष्मा
rishicool,रिशिकूल,ऋषिकुल
rishikul,रिशिकल,ऋषिकुल
rushikul,रुषिकुल,ऋषिकुल
enzyme,इंजीम,एंजाइम
anton,अंटों,एंटोन
entone,इंटोन,एंटोन
antoni,अंतोनी,एंटोनी
antony,अंटोनी,एंटोनी
endometrial,इंडोमोट्रियल,एंडोमेट्रियल
andreas,अंड्रेयस,एंड्रियास
als,आल्स,एएलएस
asi,असी,एएसआई
eksaath,एकसाथ,एकसाथ
eksath,एकसथ,एकसाथ
ekaki,इकाकी,एकाकी
xm,एक्सम,एक्सएम
egmor,एग्मोर,एगमोर
egmore,एज्मोर,एगमोर
aj,अज,एजे
agende,अजेंदे,एजेंडे
adp,एडीपी,एडीपी
adain,अदेन,एडेन
aden,अड़े,एडेन
edan,एडन,एडेन
addi,अडडी,एड्डी
eddi,एडडी,एड्डी
eddie,एड्दीय,एड्डी
eddy,एडडी,एड्डी
apj,अपज,एपीजे
ftii,फ्टिई,एफटीआईआई
abbott,अबोट,एबट
abut,अबूट,एबट
ebt,एबटीटी,एबट
abvp,एबीवपी,एबीवीपी
abbot,अबबोट,एबोट
abbott,अबोट,एबोट
mta,एमटीए,एमटीए
mtake,मटके,एमटेक
mtec,मैटेक,एमटेक
mtech,मैटेक,एमटेक
emerald,मेमरल्ड,एमरल्ड
emrald,एमरल्ड,एमरल्ड
emil,इमिल,एमिल
emile,इमिले,एमिल
emily,इमिली,एमिल
amy,अमय,एमी
emi,एमी,एमी
airway,अयरवे,एयरवे
eyarave,इयरवे,एयरवे
eyarve,एयरवे,एयरवे
error,एरर,एरर
arica,अरिका,एरिका
erica,एरिका,एरिका
erika,इरिका,एरिका
aerobic,एरोबिक,एरोबिक
aerobics,एरोबिक्स,एरोबिक
lte,लेटे,एलटीई
lti,ल्टी,एलटीई
allergic,अलर्गिक,एलर्जिक
eliminator,इलिमिनेटर,एलिमिनेटर
aliens,आलिंस,एलियंस
alliance,अलायंस,एलियंस
asian,असियां,एशियन
sfc,सीएफसी,एसएफसी
sk,एस्के,एसके
spf,सीएपएफ,एसपीएफ
association,एसोसिएशन,एसोसिएशन
astar,अस्तर,एस्टर
aster,अस्टर,एस्टर
ester,ईस्टर,एस्टर
aesthetics,एस्थेटिक्स,एस्थेटिक
asthetic,एथेटिक,एस्थेटिक
asfalt,असफलत,एस्फाल्ट
asphalt,अस्फलत,एस्फाल्ट
asphault,अस्फौल्ट,एस्फाल्ट
ahsaas,अहसास,एहसास
ehsaas,इहसास,एहसास
ehsas,इहसास,एहसास
aisa,एसा,एेसा
eesa,एसा,एेसा
ainth,अयंथ,ऐंठ
end,ईंड,ऐंठ
enth,ईंठ,ऐंठ
ainthey,ऐंठे,ऐंठे
enthe,इंठे,ऐंठे
aithan,ऐठान,ऐठन
ethan,ऐथन,ऐठन
ethhan,ऐठन,ऐठन
ail,ऐल,ऐल
el,एल,ऐल
alaps,अलाप्स,ऐल्प्स
alps,आल्प्स,ऐल्प्स
aise,ऐसे,ऐसे
oxide,ऑक्सीड,ऑक्साइड
oxy,ओक्सी,ऑक्सी
offers,ऑफर्स,ऑफर्स
offshor,ऑफ्सशर,ऑफशोर
offshore,ऑफ्सशोर,ऑफशोर
official,ऑफिसियल,ऑफिशियल
okalahoma,ओकलहोमा,ओकलाहोमा
oklahoma,ओकलहमा,ओकलाहोमा
oklahoma,ओकलहमा,ओक्लाहोमा
ot,ओट,ओत
opel,ओपेल,ओपेल
obrayan,ओबरायन,ओब्रायन
obrien,ओब्रेन,ओब्रायन
oran,ओरन,ओरण
orian,ओरियान,ओरियन
orion,ऑरियन,ओरियन
olavrishti,ओलवृष्टि,ओलावृष्टि
ovum,ओवम,ओवम
owem,ओवम,ओवम
oceanic,ऑक्सियांस,ओशनिक
osaka,ओसका,ओसाका
auchity,अछित्य,औचित्य
auchitya,औछित्य,औचित्य
audhyogikaran,ऑध्योगीकरण,औद्योगिकरण
audyogikarana,ऑड्योगिकरण,औद्योगिकरण
audyogikikaran,ऑड्योगिकीकरण,औद्योगिकरण
aurangabad,औरंगाबाद,औरंगाबाद
aurora,औौरोरा,औरोरा
aulakh,औलख,औलख
kankad,कंकड़,कंकड़
kankar,कांकर,कंकड़
kankad,कंकड़,कंकर
kankar,कांकर,कंकर
kangan,कंगन,कंगन
conjunction,कन्जंक्शन,कंजंक्शन
contemporary,कंटेमपोर्य,कंटेम्पररी
kanthahar,कंथाहर,कंठहार
kanthhar,कंथर,कंठहार
composer,कंपोसर,कंपोजर
kambalon,कंबलों,कंबलों
kanblon,कांबलों,कंबलों
consultant,कंसलटांत,कंसलटेंट
kakkad,कक्कड़,कक्कड़
kakkar,कक्कर,कक्कड़
kacche,कच्छे,कच्चे
kachche,कच्छे,कच्चे
karta,करता,कटरा
katra,कटरा,कटरा
cutlery,कटलरी,कटलरी
katlari,कटलारी,कटलरी
katlary,कैलारी,कटलरी
katasaraj,कटसराज,कटासराज
kathfodave,कथफोड़ावे,कठफोड़वे
kathfodve,कथफोड़े,कठफोड़वे
kathor,कथौर,कठोर
kathore,कथौर,कठोर
kanika,कानिका,कणिका
kathai,कथाई,कत्थई
katthai,कट्ठाई,कत्थई
katthaii,कट्ठाई,कत्थई
convention,कन्वेशन,कनवेंशन
canals,कैनल्स,कनाल
kanaal,कनाल,कनाल
kanal,कनाल,कनाल
kanindham,कनिंधम,कनिंघम
kaningham,कनिंघम,कनिंघम
kanishthika,कानिश्थिका,कनिष्ठिका
kanishthikaa,कानिश्थिका,कनिष्ठिका
kanishtika,कानिश्तिका,कनिष्ठिका
kanyaayen,कन्याएं,कन्याएं
kanyaein,कन्याएं,कन्याएं
kanyayen,कन्यायें,कन्याएं
convention,कन्वेशन,कन्वेंशन
convocation,कन्वोकेशन,कन्वोकेशन
cup,सीआप,कप
kap,काप,कप
kapda,कपड़ा,कपड़ा
kpada,कपड़ा,कपड़ा
kapdo,कपड़ो,कपड़ो
kapdon,कपड़ों,कपड़ो
kaping,कापिंग,कपिंग
kping,क्पिंग,कपिंग
kapolkalpana,कपोलक्पाला,कपोलकल्पना
kabaddi,काबड़ी,कबड्डी
kabr,कब्र,कब्र
kabra,कब्र,कब्र
kabren,कबरें,कब्रें
kabron,कब्रों,कब्रों
kamjor,कमजोर,कमज़ोर
kamzor,कमजोर,कमज़ोर
kamatar,कमातर,कमतर
kamtar,कामतार,कमतर
kalamjeet,कलमजीत,कमलजीत
kamaljeet,कमालजीत,कमलजीत
kamaauu,कमाऊ,कमाऊ
kamau,कमाऊ,कमाऊ
kamaate,कमाते,कमाते
kamate,कमाते,कमाते
kamere,कमेरे,कमेरे
kmere,कमे,कमेरे
karanj,करांज,करंज
kranj,कर्णज,करंज
karanjiya,करणजीय,करंजिया
kardhe,कर्धे,करघे
karghe,कर्घे,करघे
karachana,करचना,करछना
karchhana,कर्चछाना,करछना
karna,करना,करना
karpatri,करपत्री,करपात्री
karam,करम,करम
karoor,करूर,करूर
karur,करूर,करूर
karnataka,कार्नातका,कर्नाटका
karvi,करवी,कर्वी
kurvi,कुर्वी,कर्वी
kalmein,कलमें,कलमें
kalmen,कलमें,कलमें
kalraj,कलराज,कलराज
kalika,कालिका,कलिका
kalpanaon,कल्पनाओं,कल्पनाओं
kalpnaon,कल्पनाओं,कल्पनाओं
kavvaliyon,कववालियों,कव्वालियों
qawwaliyon,कववालियों,कव्वालियों
kavvali,कववाली,कव्वाली
qawwali,कववाली,कव्वाली
kashton,काश्तों,कष्टों
kasarat,कसरत,कसरत
kasrat,कसरत,कसरत
kasara,कसरा,कसारा
kasida,कसीदा,कसीदा
kahane,कहने,कहने
kahne,कहने,कहने
kahlaya,कहलाया,कहलाया
kahaniyon,कहनियों,कहानियों
kile,किले,क़िले
kanji,कांजी,कांजी
cant,कैंट,कांट
kant,कंत,कांट
kanti,कंटी,कांति
kakoo,काकू,काकू
kaku,काकू,काकू
kaagaj,कागज,कागज़
kaagaz,कागज,कागज़
kagaj,कागज,कागज़
kagaz,कागज,कागज़
kaaji,काजी,काजी
kaji,काजी,काजी
kazi,काजी,काजी
qazi,काजी,काजी
kajoo,काजू,काजू
kaju,काजू,काजू
kapadi,कपड़ी,कापड़ी
kapdi,कपड़ी,कापड़ी
kamraj,कमराज,कामराज
kamottejana,कमोटेजना,कामोत्तेजना
kamottejna,कमोट्टेजना,कामोत्तेजना
kailana,कैलना,कायलाना
kaylana,कायलाना,कायलाना
carfi,कारफी,कार्की
karki,करकी,कार्की
kartik,कार्टिक,कार्तिक
karyakartaon,कार्यकर्ताओं,कार्यकर्ताओं
karykartaaon,कार्यकर्ताओं,कार्यकर्ताओं
karykartaon,कार्यकर्ताओं,कार्यकर्ताओं
karyabhar,कार्याभार,कार्यभार
karybhar,कार्यभर,कार्यभार
karyarat,कार्यारत,कार्यरत
karyrat,कार्यरत,कार्यरत
kaalpi,काल्पी,कालपी
kalapi,कलापी,कालपी
kalpi,कल्पी,कालपी
kalika,कालिका,कालिका
kalighat,कलीघाट,कालीघाट
coldvel,कल्डवेल,काल्डवेल
kaldvel,काल्डवेल,काल्डवेल
kaldwell,कालडवेल,काल्डवेल
kaav,काव,काव
kav,काव,काव
kaasht,काष्ठ,काश्त
kasht,काष्ठ,काश्त
kasim,कसीम,कासिम
qasim,कासिम,कासिम
kasimabad,कासिमाबाद,कासिमाबाद
kiya,किया,किया
kiliyan,कीलियां,किलियन
killat,किल्लत,किल्लत
killi,किल्ली,किल्ली
kisaani,किसानी,किसानी
kisani,किसनी,किसानी
kisanon,किसनों,किसानों
keede,कीदे,कीड़े
kide,किड,कीड़े
keynote,केयनोट,कीनोट
kinote,किनोटे,कीनोट
kiratpur,कीरातपुर,कीरतपुर
kundal,कुंडल,कुंडल
kundaliya,कुंडलिया,कुंडलियाँ
kundaliyan,कुंडलियां,कुंडलियाँ
kutta,कुट्टा,कुत्ता
kuposhit,कुपोषित,कुपोषित
kumau,कुमाऊ,कुमाऊ
kumavat,कुमावत,कुमावत
kumawat,कुमावत,कुमावत
kural,कुरल,कुराल
kurmi,कुर्मी,कुर्मी
kursiyon,कुर्सियों,कुर्सियों
kush,कुश,कुश
kushaan,कुशान,कुषाण
kushan,कुशान,कुषाण
kusumalataa,कुसुमालता,कुसुमलता
kusumalta,कुसुमलता,कुसुमलता
kusumlata,कुसुमलता,कुसुमलता
koot,कूट,कूट
kut,कूट,कूट
kritika,कृतिका,कृतिका
kpo,कोपो,केपीओ
canterbari,कंटरबारी,कैंटरबरी
canterbury,कैंटरबरी,कैंटरबरी
candidate,कैंडीड,कैंडिडेट
katrina,कटरिना,कैटरीना
caitlyn,कैटलिन,कैटलिन
cateline,कैटलाइन,कैटलिन
catlin,कैटलिन,कैटलिन
cadmium,कैडमियम,कैडमियम
catholic,कैथोलिक,कैथोलिक
catholicon,कैथलिकों,कैथोलिकों
kaetholikon,कैथोलिकों,कैथोलिकों
capacitor,कैपैसिटर,कैपेसिटर
carat,कैरत,कैरेट
cavity,कैटी,कैविटी
cavalry,कैवली,कैवेलरी
kaivelari,कैवलेरी,कैवेलरी
complex,कंपल्स,कॉम्प्लेक्स
kocchi,कोची,कोच्चि
kochi,कोची,कोच्चि
corridor,कॉरिडोर,कोरिडोर
corolla,कोरोला,कोरोला
korola,कोरोला,कोरोला
caolan,कॉलन,कोलन
colan,कोलन,कोलन
colon,कोलों,कोलन
calling,कैलिंग,कोलिंग
koling,कोलिंग,कोलिंग
colorado,कोलोराडों,कोलोराडो
kolorado,कोलोराडों,कोलोराडो
kaushal,कौशल,कौशल
kaushalata,कौशलता,कौशलता
kaushalta,कौशलता,कौशलता
kaushambi,कौशंबी,कौशाम्बी
cute,कूटे,क्यूट
quete,क्वेट,क्यूट
cube,कूबे,क्यूब
cubeck,कबेक,क्यूबेक
quebec,क्वेबेक,क्यूबेक
cubes,कबेस,क्यूब्स
krantiyon,क्रांतियों,क्रांतियों
cric,क्रिक,क्रिक
crick,क्रिक,क्रिक
cricket,क्रिकट,क्रिकेट
cricketer,क्रिकटर,क्रिकेटर
cricketing,क्रिकटिंग,क्रिकेटिंग
kriyayog,क्रियायोग,क्रियायोग
christian,क्रिस्टियन,क्रिश्चयन
kruger,क्रूगर,क्रूगर
craig,क्रैग,क्रेग
creg,क्रेग,क्रेग
cradle,क्राडल,क्रैडल
chrom,क्रोम,क्रोम
chrome,क्रोम,क्रोम
client,क्लिंट,क्लांइट
clock,क्लॉक,क्लाक
clasen,क्लेसन,क्लासें
classen,क्लासेन,क्लासें
classon,क्लासों,क्लासों
clay,क्ले,क्ले
claris,क्लारिस,क्लेरिस
cleris,क्लेरिस,क्लेरिस
clerys,क्लार्यस,क्लेरिस
quantico,क्वांटिको,क्वांटिको
queens,क्वींस,क्वींस
kshitij,क्षितिज,क्षितिज
shitij,शीतिज,क्षितिज
kshin,क्षीन,क्षीण
shin,शीन,क्षीण
kshetron,क्षेत्रों,क्षेत्रों
shetron,शेत्रों,क्षेत्रों
khand,खांद,खंडा
khanda,खंडा,खंडा
khachakhach,खचखाछ,खचाखच
khajarana,खजरना,खजराना
khajraana,खजराना,खजराना
khajrana,खजराना,खजराना
khatakati,खटकती,खटकती
khatakti,खटकती,खटकती
kihatkati,किहतकती,खटकती
khattapan,खट्टापन,खट्टापन
khat,खाट,खत
khani,खानी,खनि
khanik,खानिक,खनिक
khanikarm,खानीकर्म,खनिकर्म
khanikarma,खानीकर्म,खनिकर्म
khanikarmi,खानीकर्मी,खनिकर्म
khapat,खपट,खपत
khariya,खरिया,खरिया
khalnayak,खालनायक,खलनायक
khaaskar,खासकर,ख़ासकर
khaskar,खसकर,ख़ासकर
khaastaur,खासतौर,ख़ासतौर
khastaur,खासतौर,ख़ासतौर
khaibar,खैबर,ख़ैबर
khyber,खेबर,ख़ैबर
khaein,खाएं,खाएं
khaen,खाएं,खाएं
khayen,खाएं,खाएं
khaate,खाते,खाते
khaatey,खाते,खाते
khate,खाते,खाते
khal,खाल,खाल
khinchakar,खींचकर,खिंचकर
khinchkar,खिंचकर,खिंचकर
khilana,खिलना,खिलाना
khinchkar,खिंचकर,खींचकर
khuda,खुड़ा,खुदा
khudai,खुड़ाई,खुदाई
khurapka,खुरापका,खुरपका
khurpaka,खुरपका,खुरपका
khurasan,खुरसन,खुरासान
khushiyan,खुशियां,खुशियां
khene,खेने,खेने
khaini,खैनी,खैनी
khairati,खैरती,खैराती
khoikhoi,खोखोई,खोईखोई
khoya,खोया,खोया
gangrel,गंगरल,गंगरेल
gangaajal,गंगाजल,गंगाजल
gangajal,गंगजल,गंगाजल
gandaki,गंदकी,गंडकी
gandki,गंदकी,गंडकी
gandh,गंध,गंध
gandha,गंधा,गंध
gae,गाई,गए
gaye,गाए,गए
gajara,गजरा,गजरा
gajra,गजरा,गजरा
gadkar,गड़कर,गडकर
ganapati,गणपती,गणपति
ganpati,गणपती,गणपति
gatisheel,गतिशील,गतिशील
gatishil,गतीशील,गतिशील
gatishilata,गतिशीलता,गतिशीलता
gadadhar,गादाधार,गदाधर
gammat,गम्मत,गम्मत
gaya,गाया,गया
garibi,गरीबी,गरीबी
garjana,गर्जना,गर्जना
galgand,गलगंड,गलगंड
gahmagahmi,गहमगहमी,गहमागहमी
gemhagehmi,गेमहागीमी,गहमागहमी
ganguly,गंगुल्य,गांगुली
gaanth,गांठ,गांठ
ganth,गंथ,गांठ
gaanthe,गांठे,गांठे
ganthe,गंठे,गांठे
ganthen,गंथें,गांठें
ganthon,गंथों,गांठों
gaen,गें,गाएं
gayen,गाएं,गाएं
gazi,गाजी,गाज़ी
gajipur,गाजीपुर,गाजीपुर
gazipur,गाजीपुर,गाजीपुर
gayatri,गायत्री,गायत्री
gayitri,गायित्री,गायत्री
gaytri,गायत्री,गायत्री
gidgidate,गिडगिड,गिड़गिड़ाते
ginate,गिनते,गिनते
ginte,गिंटे,गिनते
girkar,गिरकर,गिरकर
girijaghar,गिरीजाघर,गिरजाघर
girjaghar,गिरजघर,गिरजाघर
girijagharon,गिरीजाघरों,गिरजाघरों
girjagharon,गिरजाघरों,गिरजाघरों
girati,गिरती,गिरती
girti,गिरती,गिरती
girish,गिरिश,गिरीश
guan,गुआन,गुआन
gujar,गुजर,गुजार
gujarata,गुजरता,गुजारता
gujarta,गुजरता,गुजारता
gujarate,गुजराते,गुजारते
gujarte,गुजरते,गुजारते
gujarana,गुजराना,गुजारना
gujarna,गुजरना,गुजारना
gujara,गुजरा,गुजारा
gujare,गुजरे,गुजारे
gutta,गुट्टा,गुट्टा
gthalidar,ग्थालीदार,गुठलीदार
guthalidar,गुटालीदार,गुठलीदार
gudna,गुड़ना,गुदना
gumaan,गुमान,गुमान
guman,गुमान,गुमान
gulshan,गुलशान,गुलशन
gunga,गुंगा,गूंगा
grihnagar,गृहनागर,गृहनगर
gruhnagar,गृहनागर,गृहनगर
galaxion,गैलक्शन,गैलेक्सियों
galaxiyon,गलाक्सियों,गैलेक्सियों
galaxyon,गलाक्यों,गैलेक्सियों
gochar,गोचर,गोचर
gouchar,गोचर,गोचर
godara,गोदारा,गोदारा
gopichand,गोपीचंद,गोपीचंद
gomake,गोमके,गोमके
gomke,गोमके,गोमके
goel,गोएल,गोयल
goyal,गोयाल,गोयल
gosvaami,गोस्वामी,गोस्वामी
gosvami,गोस्वामी,गोस्वामी
goswami,गोसवामी,गोस्वामी
gaumukh,गौमुख,गौमुख
gomukh,गोमुख,गौमुख
gaumutr,गौमुत्र,गौमूत्र
gaumutra,गौमुत्र,गौमूत्र
gowmutra,गोवुत्र,गौमूत्र
granthiyaan,गृंथियां,ग्रंथियां
granthiyan,गृंथियां,ग्रंथियां
grandhiyon,गृंधियों,ग्रंथियों
granthiyon,गृंथियों,ग्रंथियों
greest,ग्रीस्ट,ग्रीस्ट
greist,ग्रेस्ट,ग्रीस्ट
grist,ग्रिस्ट,ग्रीस्ट
greg,ग्रेग,ग्रेग
granite,ग्राणीट,ग्रेनाइट
grenite,ग्रेनिट,ग्रेनाइट
grandson,ग्रैंडसन,ग्रैंडसन
gross,ग्रोस,ग्रॉस
ghataatop,घटातोप,घटाटोप
ghatatop,घटटोप,घटाटोप
ghataayaa,घटाया,घटाया
ghataya,घटाया,घटाया
ghanakar,घनाकर,घनाकार
ghabrahat,घबरहत,घबराहट
ghasi,घासी,घासी
ghisai,घिसाई,घिसाई
ghisi,घिसी,घिसी
ghise,घिसे,घिसे
ghumakkadi,घुमक्कदी,घुमक्कड़ी
ghumakkdi,घुमाकदी,घुमक्कड़ी
ghumakkadon,घुमक्कदों,घुमक्कड़ों
ghumakkaron,घुमक्कारों,घुमक्कड़ों
ghumakkdon,घुमकदों,घुमक्कड़ों
ghummakkadon,घुम्मक्कदों,घुमक्कड़ों
ghumaan,घुमान,घुमाण
ghuman,घुमान,घुमाण
ghoonsa,घूंसा,घूंसा
ghunsa,घुंसा,घूंसा
ghongha,घोंघा,घोंघा
ghontane,घोंटने,घोंटने
ghontne,घोंटने,घोंटने
ghot,घोट,घोट
ghodi,घोडी,घोड़ी
ghost,घोस्ट,घोस्ट
changul,चंगूल,चंगुल
chand,चैंड,चंद
chandan,चंदन,चंदन
chandana,चंदना,चंदन
chandu,चंदू,चंदू
chandon,चंदों,चंदों
chandrabali,चंद्रबली,चंद्रबली
chandramaon,चंद्रामों,चंद्रमाओं
chakatte,चकट्टे,चकत्ते
chaktte,चक्ते,चकत्ते
chakkar,छक्कर,चक्कर
chkkar,छक्कर,चक्कर
chakshu,चक्षु,चक्षु
chatagaon,चटागाओं,चटगांव
chatgaon,चटगांव,चटगांव
chadhane,चढ़ने,चढ़ने
chadhne,चढ़ने,चढ़ने
chaturdik,चतुर्दीक,चतुर्दिक
chatunshkoniy,चतुंशकों,चतुष्कोणीय
chatushkoniy,चतुष्कोणीय,चतुष्कोणीय
chatushkoniya,चतुशकों,चतुष्कोणीय
channa,चन्ना,चन्ना
chabate,चबाते,चबाते
chabutare,चबूतरे,चबूतरे
chabutre,चबूत्रे,चबूतरे
chamakna,चमकना,चमकना
chamkana,चमकना,चमकना
charas,चरस,चरस
charit,चारित,चरित
charcha,चर्चा,चर्चा
churcha,चर्चा,चर्चा
charchaon,चर्चाओं,चर्चाओं
chalenge,चलेंगे,चलेंगे
chlenge,च्लेंगे,चलेंगे
chahunaur,चाहुनौर,चहुंओर
chahunor,चाहुनोर,चहुंओर
chanval,चनवाल,चांवल
chanwal,चनवाल,चांवल
chachaji,चछाजी,चाचाजी
chadar,चादर,चादर
chadaron,चड़ारों,चादरों
chadron,चड़रों,चादरों
chan,चैन,चान
chanan,चनन,चानन
chaplusi,चपलुसी,चापलूसी
chayal,चयाल,चायल
char,चार,चार
charon,चरों,चारों
charge,चार्ज,चार्ज
chart,चर्ट,चार्ट
charton,चार्टन,चार्टों
charts,चर्ट्स,चार्ट्स
chaalit,चालित,चालित
chalit,चलित,चालित
chikitsak,चिकित्सक,चिकित्सक
chikitsakon,चिकित्सकों,चिकित्सकों
chikhali,चिखली,चिखली
chiththi,चिथ्ती,चिट्ठी
chitthi,चित्थी,चिट्ठी
chithhi,चिथी,चिठ्ठी
chiththi,चिथ्ती,चिठ्ठी
chitthi,चित्थी,चिठ्ठी
chidchidapan,चिड़चिड़ापन,चिडचिडापन
chidchidapan,चिड़चिड़ापन,चिड़चिड़ापन
chidhate,चिड़ते,चिढ़ते
chidhte,चिड़ते,चिढ़ते
chithrkar,चित्रकार,चित्रकार
chitrkar,चित्रकार,चित्रकार
chipakane,चिपकने,चिपकने
chipakne,चिपकने,चिपकने
chipkane,चिपकने,चिपकने
chimati,चिमती,चिमटी
chimti,चिमती,चिमटी
chillane,चिल्लाने,चिल्लाने
chee,ची,ची
chi,चि,ची
chuka,चुका,चुका
chune,छुने,चुने
chunar,चुनर,चूनर
changed,चैंगेड,चेंज्ड
chetti,चेत्ती,चेट्टी
chennai,चेनाई,चेन्नई
chero,चेरो,चेरो
chest,चेस्ट,चेस्ट
championship,चंपियंशीप,चैंपियनशिप
chor,चोर,चोर
choro,चोरो,चोरों
choron,चोरों,चोरों
chauk,चौक,चौक
chowk,चॉक,चौक
chauka,चौका,चौका
chuka,चुका,चौका
chaukiyan,चौकियां,चौकियां
chauki,चौकी,चौकी
chaukhate,चौखते,चौखटे
chauguni,चौगुनी,चौगुनी
chauda,चौड़ा,चौड़ा
chaudah,चौदह,चौड़ा
chaudahavan,चौदहवां,चौदहवां
chaudhavan,चौधवान,चौदहवां
chaudhawan,चौधवान,चौदहवां
chaupati,चौपती,चौपाटी
chupaty,चुपट्य,चौपाटी
chaupal,चौपाल,चौपाल
chaurai,चौराई,चौरई
chausinga,चौसिंगा,चौसिंगा
chausingha,चौसिंघा,चौसिंगा
chhagan,छगन,छगन
chhabi,छबी,छबि
chhalla,छल्ला,छल्ला
chhallaa,छल्ला,छल्ला
chhaviyaan,छवियां,छवियाँ
chhaviyan,छवियां,छवियाँ
chhavi,छावी,छवी
cheh,चेह,छह
chhah,छाह,छह
chehon,चेहों,छहों
chhahon,छाहों,छहों
chhai,छाई,छाई
chhagla,छगला,छागला
chhajan,छजन,छाजन
chhaati,छाती,छाती
chhati,छटी,छाती
chhaapemaar,छापेमार,छापेमार
chhapemar,छपेमर,छापेमार
chheenk,छिंक,छींक
chhink,छिंक,छींक
chink,चिंक,छींक
chenkein,चेंकें,छींके
chhekein,छेकें,छींके
chhinke,छिंके,छींके
chhinky,छिंकी,छींके
chinke,चिंके,छींके
chhudaane,छुड़ाने,छुडाने
chhudane,छुड़ने,छुडाने
chhupakar,छुपाकर,छुपकर
chhupkar,छुपकर,छुपकर
chhupkr,छुपकर,छुपकर
chhupata,छुपटा,छुपता
chhupta,छुप्ता,छुपता
chhuptaa,छुप्ता,छुपता
chhura,छुरा,छुरा
chhuraa,छुरा,छुरा
chhuree,छुरी,छुरी
chhuri,छुरी,छुरी
chhure,छुरे,छुरे
chhootane,छूटने,छूटने
chhutane,छुटाने,छूटने
chhutne,छुटने,छूटने
chheter,छेतर,छेत्र
chhetr,छेत्र,छेत्र
chhetter,छेत्टर,छेत्र
chhetri,छेत्री,छेत्री
chhetthari,छेतारी,छेत्री
chhetthri,छेत्थरी,छेत्री
chai,चाय,छै
chhai,छाई,छै
chhe,छे,छै
jagaega,जगाएगा,जगाएगा
jagayega,जगाएगा,जगाएगा
jaghaega,जगहाएगा,जगाएगा
jgaayega,जगाएगा,जगाएगा
jgayegaa,जगेगा,जगाएगा
jajaon,जजाओं,जजों
jajon,जाज़ों,जजों
jad,जाद,जड़
jadd,जाद्द,जड़
jaddit,जड़ीत,जड़ित
jadeite,जदेते,जड़ित
jadet,जैडेट,जड़ित
jadit,जाडित,जड़ित
jadein,जडें,जड़ें
jaden,जड़ें,जड़ें
jatara,जातरा,जतरा
jatra,जातरा,जतरा
jataati,जताती,जताती
jatatee,जताती,जताती
jatati,जटाती,जताती
janagananaa,जनगना,जनगणना
janaganna,जनगन्न,जनगणना
jangadnaa,जंगड़ना,जनगणना
janganana,जंगनना,जनगणना
janganna,जंगनना,जनगणना
janajagran,जनजगरण,जनजागरण
janjaagran,जनजाग्रण,जनजागरण
janjagran,जनजाग्रण,जनजागरण
january,जानुआर्यी,जनवरी
janahaani,जनहानी,जनहानि
janahani,जनहानी,जनहानि
janhaani,जानहानी,जनहानि
janhani,जनहानी,जनहानि
jnhaani,जन्हानी,जनहानि
jamaate,जमाते,जमाती
jamaati,जमाती,जमाती
jamati,जमाती,जमाती
jamaaya,जमाया,जमाया
jamaeya,जमाएया,जमाया
jamaya,जमाया,जमाया
jamayaa,जमाया,जमाया
jamuai,जमुआई,जमुई
jamuei,जमूई,जमुई
jamui,जमूई,जमुई
jai,जई,जय
jay,जय,जय
jaidayal,जैदायल,जयदयाल
jayadayal,जयादयाल,जयदयाल
jaydayal,जयदायल,जयदयाल
jaibaan,जयबान,जयबाण
jaiban,जैबन,जयबाण
jaybaan,जयबान,जयबाण
jayalalita,जयालिता,जयललिता
jayalalitaa,जयालिता,जयललिता
jayalalithaa,जयलालिथा,जयललिता
jaylalita,जयलालिता,जयललिता
jarakh,जारख,जरख
zarakh,जारख,जरख
jarda,जरदा,जर्दा
jardaa,जरदा,जर्दा
zarda,जरदा,जर्दा
jalagati,जलगती,जलगति
jalgati,जलगती,जलगति
jalgti,जलगती,जलगति
jalte,जलते,जलते
jalbharav,जलभराव,जलभराव
jalbhraav,जलभराव,जलभराव
jalbhrav,जलभराव,जलभराव
jalvaayu,जलवायु,जलवायु
jalvayu,जलवायु,जलवायु
jalesar,जालेसर,जलेसर
jasmeet,जसमीत,जसमीत
jasmit,जसमीत,जसमीत
jassee,जस्सी,जस्सी
jassi,जस्सी,जस्सी
jamaanaa,जमाना,ज़माना
jamana,जमाना,ज़माना
zamaanaa,जमाना,ज़माना
zamana,जमाना,ज़माना
jaljale,जलजाले,ज़लज़ले
zalzale,ज़लजाले,ज़लज़ले
zee,जी,ज़ी
jubaan,जुबान,ज़ुबान
juban,जुबान,ज़ुबान
zuban,जुबान,ज़ुबान
jaanch,जांच,जाँच
jaaunch,जांचच,जाँच
janch,जांच,जाँच
jaunch,जौंच,जाँच
jaagriti,जागृति,जागृति
jagriti,जगरीती,जागृति
jagruti,जगरूती,जागृति
jajamau,जजमऊ,जाजमऊ
jajmau,जजमऊ,जाजमऊ
jajmauu,जजमऊ,जाजमऊ
jaat,जात,जात
jat,जाट,जात
jaatak,जातक,जातक
jatak,जाटक,जातक
jaatakon,जातकों,जातकों
jaatkon,जातकों,जातकों
jatakon,जटकों,जातकों
jaatiyon,जातियों,जातियों
jatiyon,जातियों,जातियों
jaankaaron,जानकारों,जानकारों
jaankaron,जानकरों,जानकारों
jankaron,जनकरों,जानकारों
jaanam,जानम,जानम
janam,जन्म,जानम
jaayke,जायके,जायके
jayke,जायके,जायके
jaawar,जावर,जावर
zawar,जावर,जावर
jing,जिंग,जिंग
gin,गिन,जिन
jeen,जीन,जिन
jin,जिन,जिन
ginee,गिनी,जिनी
jinee,जिनी,जिनी
jini,जिनी,जिनी
geneva,जेनेवा,जिनीवा
jeneva,जेनेवा,जिनीवा
jiniva,जिनिवा,जिनीवा
gypsy,जिप्सी,जिप्सी
jimme,जिम्मे,जिम्मे
jiya,जिया,जिया
gic,जीजी,जीआईसी
gr,जीआर,जीआर
gm,जीएम,जीएम
gsm,गीएसएम,जीएसएम
gtod,जीट,जीतोड़
gtor,ग्टोर,जीतोड़
jeetod,जीतोड़,जीतोड़
jitod,जितोड़,जीतोड़
jean,जीन,जीन
jeen,जीन,जीन
jin,जिन,जीन
jeenon,जीनों,जीनों
jinon,जिनों,जीनों
jeepney,जिपने,जीपनी
jipani,जिपनी,जीपनी
jeeyo,जीयो,जीयो
jio,जिओ,जीयो
jiyo,जियो,जीयो
jeera,जीरा,जीरा
jira,जीरा,जीरा
jeevant,जीवंत,जीवंत
jivant,जीवंत,जीवंत
jeevan,जीवन,जीवन
jeewan,जीवान,जीवन
jivan,जीवन,जीवन
jiwan,जीवन,जीवन
jeevanshaili,जीवनशायली,जीवनशैली
jivanshaili,जीवनशायली,जीवनशैली
jeevniyaan,जीवनियां,जीवनियां
jivaniya,जीवनीय,जीवनियां
jivaniyaan,जीवनियां,जीवनियां
jivaniyan,जीवनियां,जीवनियां
jeevraaj,जीवराज,जीवराज
jivraj,जीवराज,जीवराज
jua,जुआ,जुए
jue,जुए,जुए
juye,जुए,जुए
jutee,जुती,जुटी
juti,जूटी,जुटी
judaai,जुड़ाई,जुड़ाई
judae,जुड़ाई,जुड़ाई
judai,जुड़ाई,जुड़ाई
judaai,जुड़ाई,जुदाई
judai,जुड़ाई,जुदाई
junoon,जुनून,जुनून
junun,जूनूं,जुनून
junooni,जुनूनी,जुनूनी
jununi,जुनुनी,जुनूनी
jubair,जुबैर,जुबेर
juber,जुबर,जुबेर
zubair,जुबैर,जुबेर
juraab,जुराब,जुराब
jurab,जुरब,जुराब
julaahon,जुलाहों,जुलाहों
julahon,जुलाहों,जुलाहों
julmon,जुल्मों,जुल्मों
zulmon,जुल्मों,जुल्मों
jood,जूद,जूड
jud,जुड,जूड
junagadh,जुनागढ़,जूनागढ
junagarh,जूनगढ़,जूनागढ
junior,जुनियर,जूनियर
jealous,जीलस,जूलूस
juloos,जुलूस,जूलूस
julus,जुलूस,जूलूस
jetha,जेठा,जेठा
jenner,जेनर,जेनर
generic,जेनेरिक,जेनरिक
jenrick,जेनरिक,जेनरिक
generat,जनरेट,जेनरेट
generate,जनरेट,जेनरेट
jenee,जनी,जेनी
jenni,जेनी,जेनी
jenny,जेनी,जेनी
james,जम्स,जेम्स
jeremy,जेरेमी,जेरेमी
gerome,जरोम,जेरोम
jerome,जरोम,जेरोम
jacks,जैक्स,जैक्स
jain,जैन,जैन
gene,गेने,जैने
jaine,जायने,जैने
jaino,जैनो,जैनों
jainon,जैनों,जैनों
jerry,जेरी,जैरी
jasper,जसपर,जैस्पर
jogging,जोगिंग,जॉगिंग
johnson,जांसन,जॉनसन
jobs,जॉब्स,जॉब्स
jockey,जोकी,जोकि
joki,जोकी,जोकि
jokhim,जोखिम,जोखिम
joddta,जोड़ता,जोड़ता
jodta,जोड़ता,जोड़ता
jorhta,जोडता,जोड़ता
jodiyon,जोड़ियों,जोड़ियों
jodo,जोडो,जोड़ो
jaun,जौन,जौं
gyatavya,ज्ञातव्य,ज्ञातव्य
gyatvy,ज्ञातव्य,ज्ञातव्य
gyapit,ज्ञापित,ज्ञापित
jyotiba,ज्योतिबा,ज्योतिबा
joint,जाइंट,ज्वाइंट
jvar,ज्वर,ज्वार
jwar,ज्वार,ज्वार
jvaaron,ज्वारों,ज्वारों
jvaron,ज्वारों,ज्वारों
jwaron,ज्वारों,ज्वारों
jewellers,जेवलर्स,ज्वेलर्स
jh,झ,झ
jha,झा,झ
jhalakti,झलकती,झलकती
jhalkati,झलकती,झलकती
jhalla,झल्ला,झल्ला
jhankana,झंकना,झांकना
jhankna,झंकना,झांकना
jheel,झील,झील
jhil,झील,झील
jheelon,झीलों,झीलों
jhilon,झीलों,झीलों
jhuthala,झुठला,झुठला
jhuthla,झुठला,झुठला
jhuthalane,झुठलने,झुठलाने
jhuthlane,झुठलाने,झुठलाने
tankaar,तनकार,टंकार
tankar,टनकर,टंकार
takara,टकरा,टकरा
takra,टकरा,टकरा
takaraon,टकराओं,टकरावों
takravon,तकरावों,टकरावों
tapakti,तपकटी,टपकती
tapkati,तपकटी,टपकती
time,टाइम,टाइम
timer,टाइमर,टाइमर
taoo,टाऊ,टाऊ
tau,टाऊ,टाऊ
tapoowo,टैपूवो,टापुओं
tapuon,तपूओं,टापुओं
tapuwo,टापूवो,टापुओं
tied,टीड,टायर्ड
tired,टायर्ड,टायर्ड
tyred,टायर्ड,टायर्ड
tarch,टार्च,टार्च
torch,टॉर्च,टार्च
tik,टीक,टिक
teap,टीप,टिप
tip,टीप,टिप
tippanikar,तिप्पानिकार,टिप्पणीकार
tippnikar,टिप्पनिकार,टिप्पणीकार
tivolee,तिवोली,टिवोली
tivoli,तिवोली,टिवोली
teekamgarh,तीकामगढ़,टीकमगढ़
tikamgarh,तीकंगढ़,टीकमगढ़
teekon,टीकों,टीकों
tikon,टीकों,टीकों
two,टीवो,टु
tension,टेंशन,टेंशन
tenis,टेनिस,टेनिस
tennis,टेनिस,टेनिस
taste,तस्ते,टेस्ट
test,टेस्ट,टेस्ट
tasting,टैस्टिंग,टेस्टिंग
testing,टेस्टिंग,टेस्टिंग
tainin,तैनीन,टैनिन
tenin,टेनिन,टैनिन
tanish,तनिश,टैनिस
tennis,टेनिस,टैनिस
taboo,टाबू,टैबू
taiboo,टैबू,टैबू
taobao,टाबाओं,टैबू
tonic,टॉनिक,टॉनिक
tonga,टोंगा,टोंगा
toka,टोका,टोका
tuesday,तुंसदे,ट्यूजडे
tuning,टुनिंग,ट्यूनिंग
tuberculosis,टबरकूलोसिस,ट्यूबरक्यूलोसिस
tuberkyulosis,टबरक्यूलसीस,ट्यूबरक्यूलोसिस
truck,ट्रक,ट्रक
trangistor,ट्रांजिस्टर,ट्रांजिस्टर
tranjister,ट्रांजीस्टर,ट्रांजिस्टर
transistor,ट्रांसिस्टर,ट्रांजिस्टर
transfer,ट्रांसफर,ट्रान्सफर
tribunal,ट्रिबूनल,ट्रिब्युनल
tribunal,ट्रिबूनल,ट्रिब्यूनल
trubyunal,ट्रबुनाल,ट्रिब्यूनल
truth,तृथ,ट्रुथ
tuth,तूथ,ट्रुथ
traded,ट्रेड,ट्रेडेड
trabal,ट्रबल,ट्रेबल
trebal,ट्रेबल,ट्रेबल
trouble,ट्रबल,ट्रेबल
traip,ट्रेप,ट्रैप
trap,ट्रैप,ट्रैप
trot,ट्रोट,ट्रॉट
trott,ट्रॉट,ट्रॉट
thakkar,ठक्कर,ठक्कर
thakkr,ठक्कर,ठक्कर
thaharne,ठहरने,ठहरने
thahrane,ठहराने,ठहरने
theharne,ठहरने,ठहरने
thikane,ठिकने,ठिकाने
thumari,थुमारी,ठुमरी
thumri,थमरी,ठुमरी
theinga,थिंगा,ठेंगा
thenga,थेंगा,ठेंगा
thengaa,थेंगा,ठेंगा
daglas,डैगलस,डगलस
douglas,डोगलस,डगलस
dabhara,दाभारा,डभरा
dabhra,दाभरा,डभरा
dabhoi,दाभोई,डभोई
dam,डैम,डम
dum,दूम,डम
darate,डरते,डराते
daratey,डरते,डराते
daravani,दरवानी,डरावनी
darawani,दरवानी,डरावनी
dravani,द्रवणी,डरावनी
down,डॉन,डाउन
daak,डाक,डाक
dak,डेक,डाक
daka,डका,डाका
dabi,दबी,डाबी
dabolim,दबोलिम,डाबोलिम
dinosaur,डिनोसौर,डायनासोर
diaries,डायरिज,डायरीज
dit,दित,डिट
depthiriya,देप्थिरीय,डिप्थीरिया
diphtheria,डिफ्टीरिया,डिप्थीरिया
de,दे,डीई
dealership,देलर्षिप,डीलरशिप
dvc,डीवीसी,डीवीसी
dubaana,दुबाना,डुबाना
dubana,दूबना,डुबाना
dubona,डूबोना,डुबोना
dulne,डुलने,डुलने
doonarpur,दूनरपुर,डूंगरपुर
doongarpur,दूंगरपुर,डूंगरपुर
dungarpur,दंगारपुर,डूंगरपुर
dungerpur,दंगरपुर,डूंगरपुर
dubana,दूबना,डूबना
dubna,दूबना,डूबना
dangerous,डांगरूस,डेंजरस
daisy,दैस्यी,डेजी
dazy,दाज्य,डेजी
deji,देजी,डेजी
deputy,डिप्टी,डेप्युटी
davidson,दैविडसन,डेविडसन
devidson,डिविडसन,डेविडसन
davey,देवे,डेवी
devi,देवी,डेवी
dewey,देवे,डेवी
destination,डेस्टिनेशन,डेस्टिनेशन
datson,दतसन,डैटसन
datsun,दत्सून,डैटसन
daddy,डड्डी,डैडी
dark,डर्क,डॉर्क
dork,डोर्क,डॉर्क
dose,डोस,डोज
domenic,डोमेनिक,डोमेनिक
doranda,दोरंदा,डोरंडा
dolane,डोलने,डोलने
dolne,डोलने,डोलने
dual,डुआल,ड्युअल
duak,डुआक,ड्यूक
duke,डुके,ड्यूक
drame,ड्रेम,ड्रामे
dramen,ड्रेमें,ड्रामे
drager,ड्रैजर,ड्रेजर
dredger,ड्रेगर,ड्रेजर
dreijer,ड्रीजर,ड्रेजर
dhakaal,ढकाल,ढकाल
dhakal,ढकाल,ढकाल
dhakkal,ढक्कल,ढकाल
dhkal,ढकाल,ढकाल
dhale,ढाले,ढले
dhoondh,धूंध,ढूंढ
dhundh,धूंध,ढूंढ
dhoondhata,धूंधता,ढूंढता
dhundhata,धूंधता,ढूंढता
dhundhta,धुंधता,ढूंढता
dhoondhi,धूंधी,ढूंढी
dhundhi,धुंधी,ढूंढी
tanjavur,तांजवुर,तंजावुर
thanjavur,तंजावूर,तंजावुर
tantr,तंत्र,तंत्र
tantra,तांत्र,तंत्र
tantrikao,तांत्रिकाओं,तंत्रिकाओं
tantrikaon,तंत्रिकाओं,तंत्रिकाओं
tantro,टांट्रो,तंत्रों
tantron,तांत्रों,तंत्रों
tagade,तगड़े,तगड़े
tagde,तगड़े,तगड़े
tadipaar,तादीपार,तड़ीपार
tadipar,तादीपर,तड़ीपार
tani,तनी,तनी
tapan,टापन,तपन
tarafa,तराफा,तरफा
tarfa,तरफा,तरफा
tarabganj,तरबगंज,तरबगंज
taras,तरस,तरस
taraash,ताराश,तराश
tarash,ताराश,तराश
tarashay,तराशय,तराशे
tarashe,तराशे,तराशे
tareeko,टारीको,तरीको
tariko,तारीको,तरीको
tark,टार्क,तर्क
tarkvaad,तर्कवाद,तर्कवाद
tarkvad,तर्कवाद,तर्कवाद
tarkwaad,तर्कवाद,तर्कवाद
tarko,टार्को,तर्कों
tarkon,टार्कों,तर्कों
talabgaar,तलबगार,तलबगार
talabgar,तलबगार,तलबगार
talbagaar,तलबगार,तलबगार
talbagar,तलबागर,तलबगार
talawe,तलावे,तलवे
talve,तालवे,तलवे
talawon,तलावों,तलवों
talvon,तलवों,तलवों
tahakhana,तहखाना,तहखाना
tahkhaana,तहखाना,तहखाना
tahkhana,टहखाना,तहखाना
taantaa,तांता,तांता
tanta,टनता,तांता
tambe,तांबे,तांबे
tanbe,तांबे,तांबे
taaja,ताजा,ताजा
taajaa,ताजा,ताजा
taaza,ताजा,ताजा
taja,तजा,ताजा
taza,ताजा,ताजा
tansen,टांसें,तानसेन
taapmaanon,तापमानों,तापमानों
tapmano,तपमानों,तापमानों
tapmanon,तपमानों,तापमानों
taapti,टापती,ताप्ती
tapti,टप्ती,ताप्ती
tarabai,तरबै,ताराबाई
taseer,तसीर,तासीर
tasir,तसीर,तासीर
taahi,ताही,ताहि
tahi,तही,ताहि
tikone,टिकोन,तिकोने
tirupati,तिरुपति,तिरूपति
tiwari,तिवारी,तिवारी
ti,टी,ती
teer,टीर,तीर
tir,टीर,तीर
teeron,तीरों,तीरों
tiron,तीरों,तीरों
tirthatan,तीर्थतान,तीर्थाटन
tungnath,तुनग्नाथ,तुंगनाथ
tughlaq,तुघलक,तुगलक
tuglak,तुगलक,तुगलक
tughlakabad,तुल्लकाबाद,तुगलकाबाद
tughlaqabad,तुल्लकाबाद,तुगलकाबाद
tuglakabad,तुगलकबाद,तुगलकाबाद
tugalaki,तुगलाकी,तुगलकी
tugalki,तुगलकी,तुगलकी
tuglaki,तुगलाकी,तुगलकी
tufail,ट्यूफैल,तुफैल
tejaji,तेजाजी,तेजाजी
teji,तेजी,तेजी
tel,टेल,तेल
telon,टेलों,तेलों
to,टो,तो
toh,तोह,तो
taul,टाऊल,तौल
tyohaar,त्योहार,त्यौहार
tyohar,त्योहार,त्यौहार
tyoihar,त्योइहार,त्यौहार
tyauharon,त्यूहारों,त्यौहारों
tyoharon,त्योहारों,त्यौहारों
tyoiharon,त्योइहारों,त्यौहारों
trijata,त्रिजता,त्रिजटा
trijta,तृजता,त्रिजटा
triya,त्रिया,त्रिया
tremasik,ट्रेमासिक,त्रैमासिक
trimasik,त्रिमासिक,त्रैमासिक
tse,टीएसई,त्से
thaki,ठाकी,थकी
thki,ठकी,थकी
tharti,थरती,थर्टी
thirty,थिर्ती,थर्टी
thane,थाने,थाणे
thaanvi,ठानवी,थानवी
thanvi,ठानवी,थानवी
theateron,थीटरों,थिएटरों
theatron,थित्रों,थिएटरों
theaters,थीटर्स,थिएटर्स
theater,थीटर,थियेटर
theatre,थिहरे,थियेटर
theateron,थीटरों,थियेटरों
theatron,थित्रों,थियेटरों
thitron,थित्रों,थियेटरों
theaters,थीटर्स,थियेटर्स
theatrs,थिअर्ट्स,थियेटर्स
thiyeters,थियेटर्स,थियेटर्स
thirake,ठिरके,थिरके
thirke,ठिरके,थिरके
thief,थिफ,थीफ
then,थेन,थेन
theni,थेनी,थेनी
thailee,थैली,थैली
thaili,थैली,थैली
thaile,थैले,थैले
dang,डांग,दंग
danga,दंगा,दंगा
dangon,दंगों,दंगों
dampati,दमपती,दंपति
danpati,दानपति,दंपति
dampatiyon,दमपतियों,दंपतियों
dampattiyon,दमपत्तियों,दंपतियों
danptiyon,दंपतियों,दंपतियों
dadreva,दद्रेवा,ददरेवा
dadrewa,ददरेवा,ददरेवा
damoh,दमोह,दमोह
dardara,दरदारा,दरदरा
dardraa,दरद्रा,दरदरा
durdhara,दुर्धारा,दरदरा
darmiyaan,दरमियां,दरमियान
darmiyan,दरमियां,दरमियान
darjano,दर्जनों,दर्जनों
darjanon,दर्जनों,दर्जनों
darp,डीआरपी,दर्प
darra,दार्रा,दर्रा
dalbadal,दलबदल,दलबदल
dalbadl,डालबडल,दलबदल
dali,दली,दली
dastaanaa,दस्ताना,दस्ताना
dastana,दस्ताना,दस्ताना
dastavej,दस्तावेज,दस्तावेज
dahan,दहन,दहन
dahal,दहल,दहल
da,डीए,दा
daakhil,दाखिल,दाखिल
dakhil,दकहिल,दाखिल
daakhile,दाखिले,दाखिले
dakhile,दखीले,दाखिले
daataa,दाता,दाता
data,डाता,दाता
dadari,ददरी,दादरी
daanshil,दानशील,दानशील
danshil,दांशील,दानशील
daabholkar,दाभोलकर,दाभोलकर
dabholkar,दाभोलकर,दाभोलकर
damale,दमले,दामले
damle,डामले,दामले
dayitv,दायित्व,दायित्व
dayitva,दायित्व,दायित्व
dayitwa,दायित्व,दायित्व
dayitvon,दयत्वों,दायित्वों
dayityon,दयित्यों,दायित्वों
darul,दरुल,दारूल
daav,दाव,दाव
daaw,दाव,दाव
dav,दाव,दाव
daw,देवी,दाव
daah,दाह,दाह
dah,दाह,दाह
dikhla,दिखला,दिखला
dikhlaa,दिखला,दिखला
dikhaaiye,दिखाइए,दिखाइये
dikhaiye,दिखाइए,दिखाइये
dikhaai,दिखाई,दिखाई
dikhai,दिखाई,दिखाई
dikhayi,दिखाई,दिखाई
dikhaaee,दिखाई,दिखाईं
dikhaai,दिखाई,दिखाईं
dikhaain,दिखाइन,दिखाईं
dikhaee,दिखाई,दिखाईं
dikhai,दिखाई,दिखाईं
dikhayin,दिखायीं,दिखाईं
dikhai,दिखाई,दिखायी
dikhayi,दिखाई,दिखायी
dikhaai,दिखाई,दिखार्इ
dikhae,दिखाए,दिखार्इ
dikhai,दिखाई,दिखार्इ
dikhayi,दिखाई,दिखार्इ
dita,दीता,दिता
ditaa,दीता,दिता
dinaank,दिनांक,दिनांक
dinank,डिनेंक,दिनांक
dirham,दिरहम,दिरहम
dilaaye,दिलाए,दिलाये
dilaye,दिलाए,दिलाये
deewani,दीवानी,दिवानी
diwani,दिवानी,दिवानी
divy,दिवी,दिव्य
divya,दिव्य,दिव्य
divyata,दिव्यता,दिव्यता
divya,दिव्य,दिव्या
deepan,दीपन,दीपन
deepn,दीपन,दीपन
dipan,दीपन,दीपन
deepsingh,दीप्सिंघ,दीपसिंह
dipsingh,दिपसिंह,दीपसिंह
deepika,दीपिका,दीपिका
dipika,दिपिका,दीपिका
deeya,दीया,दीया
diya,दिया,दीया
dukaanon,दुकानों,दुकानों
dukanon,दुकानों,दुकानों
dukke,डुक्के,दुक्के
dukhan,दुखान,दुखन
dukhit,दुखित,दुखित
dukhiyon,दुखियों,दुखियों
dukhon,दूखों,दुखों
dubhashiyon,दुभाषियों,दुभाषियों
durgun,दुर्गुण,दुर्गुण
durghatna,दुर्घतना,दुर्घटना
durghtna,दुर्घतना,दुर्घटना
duneerti,दुनर्ती,दुर्नीति
durniti,दूर्णिती,दुर्नीति
durbhiksh,दुर्भिक्ष,दुर्भिक्ष
duvidhaaen,दुविधाएं,दुविधाएं
duvidhaayein,दुविधाएं,दुविधाएं
duvidhaen,दुविधाएं,दुविधाएं
duwaidhaayein,दुवाइधाएं,दुविधाएं
dune,डूने,दूने
doordarshan,दूरदर्शन,दूरदर्शन
durdarshan,दुरदर्शन,दूरदर्शन
dradh,दृद,दृढ़
dridh,दृद्ध,दृढ़
dekhoge,देखोगे,देखोगे
denevaali,देनेवाली,देनेवाली
denevali,देनेवाली,देनेवाली
denewaali,देनेवाली,देनेवाली
denewali,देनेवाली,देनेवाली
deonar,डियोनर,देवनार
devnaar,देवनार,देवनार
devnar,देवनार,देवनार
devaapur,देवापुर,देवापुर
devapur,देवापुर,देवापुर
devi,देवी,देवी
devisingh,देविसिंह,देवीसिंह
devisinh,देविसिनह,देवीसिंह
deshkaal,देशकाल,देशकाल
deshkal,देशकाल,देशकाल
deshke,देशके,देशके
desai,देसाई,देसाई
doge,दोगे,दोगे
dvadash,द्वादश,द्वादश
dwaadas,द्वादस,द्वादश
dvivedi,द्विवेदी,द्विवेदी
dwivedi,द्विवेदी,द्विवेदी
dhande,धंडे,धंधे
dhandhe,धंधे,धंधे
dhndhe,धंधे,धंधे
dhandhon,धंधों,धंधों
dhandon,धंडों,धंधों
dhakelte,ढकेलते,धकेलते
dhkelate,ढकेलते,धकेलते
dhatana,ढातना,धटना
dhatna,ढातना,धटना
dhankuber,धनकुबर,धनकुबेर
dhanadhany,धनधान्य,धनधान्य
dhandhaanya,धंधान्य,धनधान्य
dhandhany,धंधन्य,धनधान्य
dhandhanya,धंधन्य,धनधान्य
dhamkaataa,धमकाता,धमकाता
dhamkata,धमकता,धमकाता
dhamm,धम्म,धम्म
dhamma,धम्म,धम्मा
dhammaa,धम्मा,धम्मा
dharmnath,धर्मनाथ,धर्मनाथ
dharmraj,धर्मराज,धर्मराज
dharmesh,धर्मेश,धर्मेश
dhasmaanaa,धस्माना,धस्माना
dhasmana,धस्माना,धस्माना
dhaak,ढाक,धाक
dhak,ढक,धाक
dhaaga,ढागा,धागा
dhaagaa,धागा,धागा
dhaga,ढगा,धागा
dhaatuein,धातुएं,धातुएं
dhaatuyein,धातुएं,धातुएं
dhtuen,धतुएं,धातुएं
dhaarak,धारक,धारक
dharak,धरक,धारक
dhaari,धारी,धारी
dhari,धारी,धारी
dhuan,धुंआ,धुआं
dhunaai,धुनाई,धुनाई
dhunai,धुनाई,धुनाई
dhuriya,धुरिया,धुरिया
dhuriyaa,धुरिया,धुरिया
dhuni,धुनी,धूनी
dhairyavaan,धैर्यवान,धैर्यवान
dhairyawan,धैर्यवन,धैर्यवान
dhiryavan,धीर्यवान,धैर्यवान
dhiryawaan,धीर्यवाण,धैर्यवान
dhokebaaj,ढोकेबाज,धोखेबाज
dhokebaaz,ढोकेबाज,धोखेबाज
dhokebaj,धोकेबाज,धोखेबाज
dhokebaz,धोकेबाज,धोखेबाज
dhokhebaaj,धोखेबाज,धोखेबाज
dhokhebaj,धोखेबाज,धोखेबाज
dhona,धोना,धोना
dhonaa,धोना,धोना
dhoraaji,धोराजी,धोराजी
dhoraji,धोरजी,धोराजी
dhoron,धोरों,धोरों
dhyeyavaadi,ध्येयवादी,ध्येयवादी
dhyeywadi,ध्येवादी,ध्येयवादी
dyeyvadi,द्येवादी,ध्येयवादी
dhrupad,ध्रुपद,ध्रुपद
drupad,द्रुपद,ध्रुपद
nandanvan,नंदनवान,नंदनवन
nadsa,नडसा,नक्सल
naksal,नकसल,नक्सल
naxal,नैक्सल,नक्सल
naksalavaad,नकसलवाद,नक्सलवाद
naksalwaad,नकसलवाद,नक्सलवाद
naksalwad,नकसलवाद,नक्सलवाद
naxalvaaad,नाकलवाद,नक्सलवाद
naxalwaad,नाकलवाद,नक्सलवाद
naksaliyon,नकसालियों,नक्सलियों
naxaliyon,नकालियों,नक्सलियों
naksali,नकसली,नक्सली
naxali,नक्सली,नक्सली
nagaada,नगाड़ा,नगाड़ा
nagaadaa,नगाड़ा,नगाड़ा
nagaaraa,नगारा,नगाड़ा
nageene,नगीने,नगीने
nagine,नगीने,नगीने
najarandaaj,नजरअंदाज,नजरंदाज
najarandaaz,नजरअंदाज,नजरंदाज
nazarandaaj,नज़रंदाज़,नजरंदाज
nazarandaaz,नज़रंदाज़,नजरंदाज
nazarandaz,नज़रंदाज़,नजरंदाज
najraane,नज़राने,नजराने
nazraane,नज़राने,नजराने
najariyon,नजारियों,नजरियों
najriyon,नजरियों,नजरियों
najron,नजरों,नजरों
najeeb,नजीब,नजीब
najib,नजीब,नजीब
najibabaad,नजीबाबाद,नजीबाबाद
najibabad,नजीबाबाद,नजीबाबाद
najeem,नजीम,नजीम
najim,नजीम,नजीम
nazeem,नजीम,नजीम
nana,नाना,नना
nanaa,नना,नना
nna,ना,नना
nanhe,ननहे,नन्हें
nanhein,ननहें,नन्हें
nabj,नब्ज,नब्ज़
nabja,नबजा,नब्ज़
nabz,नब्ज,नब्ज़
namkeen,नमकीन,नमकीन
namkin,नमकीन,नमकीन
narnaari,नर्णारी,नरनारी
narnari,नर्णारी,नरनारी
narbhakshi,नार्भक्षी,नरभक्षी
naram,नारम,नरम
narm,नर्म,नरम
narmi,नर्मी,नरमी
narsanhar,नरसंहार,नरसंहार
narsanharon,नरसंहारों,नरसंहारों
november,नॉवंबर,नवंबर
navketan,नवकेतन,नवकेतन
navjaagaran,नवजागरण,नवजागरण
navjagran,नवजग्रण,नवजागरण
navdha,नवधा,नवधा
navvadhoo,नववाधों,नववधू
navvadhu,नववाधु,नववधू
nava,नवा,नवा
navaa,नवा,नवा
navate,नवाते,नवाते
navanagar,नवानगर,नवानगर
nawanagar,नवानगर,नवानगर
navya,नव्य,नव्या
naseem,नसीम,नसीम
nasim,नसीम,नसीम
nights,नाइट्स,नाइट्रस
nitrous,निट्रॉस,नाइट्रस
nineteez,निनेतीज,नाइनटीज
nineties,निनेटीज,नाइनटीज
ninties,नंटीस,नाइनटीज
nau,नौ,नाऊ
nauu,नौ,नाऊ
naakaam,नाकाम,नाकाम
nakam,नकाम,नाकाम
naagrik,नागरिक,नागारिक
nagarik,नागरिक,नागारिक
nagrik,नागरिक,नागारिक
nagin,नगीन,नागिन
nadep,नड़ेप,नाडेप
nanak,नानक,नानक
nanavati,ननवती,नानावती
napane,नापने,नापने
napne,नापने,नापने
napa,नापा,नापा
naam,नाम,नाम
naamdhari,नामधारी,नामधारी
namdhari,नामधारी,नामधारी
namankano,नमानकानों,नामांकनों
namankanon,नमानकानों,नामांकनों
namavaliyon,नमावलीयों,नामावलियों
naamo,नामो,नामो
namo,नमो,नामो
nayak,नायक,नायक
naraji,नाराजी,नाराजी
naraingarh,नाराइंगढ़,नारायणगढ़
narayangadh,नारायणगढ़,नारायणगढ़
narayangarh,नारायणगढ़,नारायणगढ़
naasar,नासर,नासर
nahargadh,नहारगढ़,नाहरगढ
nahargarh,नहरगढ़,नाहरगढ
nikalegi,निकलेगी,निकलेगी
nikalogi,निकालोगी,निकलेगी
nikaalani,निकालनी,निकालनी
nikaalni,निकालनी,निकालनी
nikalani,निकलनी,निकालनी
nikalni,निकलनी,निकालनी
nicki,निक्की,निकी
nicky,निक्की,निकी
niki,नीकी,निकी
niketan,निकेटन,निकेतन
nikhar,निखर,निखर
nikhari,निखरी,निखरी
nigar,निगर,निगर
nigger,नाइगर,निगर
nichala,निचाला,निचला
nichalaa,निचला,निचला
nichla,निचला,निचला
nitiyon,नितियों,नितियों
nitya,नित्य,नित्या
nityaa,नित्या,नित्या
nidhaan,निधान,निधान
nidhan,निधान,निधान
nipatara,निपटारा,निपटारा
niptaara,निपतारा,निपटारा
niptaaraa,निपटारा,निपटारा
niptara,निपटारा,निपटारा
niyanta,नियंता,नियंता
niyantaa,नियंता,नियंता
niya,निया,निया
niyaa,निया,निया
nirdeshika,निर्देशिका,निर्देशिका
nirdeshikaa,निर्देशिका,निर्देशिका
nirdhaarit,निर्धारित,निर्धारित
nirdharit,निर्धारित,निर्धारित
nirbaadh,निर्बाध,निर्बाध
nirbadh,निर्बद्ध,निर्बाध
niveshakartaa,निवेषकर्ता,निवेशकर्ता
niveshkarta,निवेषकर्ता,निवेशकर्ता
niveshkartaa,निवेषकर्ता,निवेशकर्ता
nischal,निस्चल,निश्चल
nishchal,निश्चल,निश्चल
nishnaat,निश्नात,निष्णात
nishpaap,निष्पाप,निष्पाप
nihalaani,निहालानी,निहलानी
nihlaani,निहलानी,निहलानी
nihlani,निहलानी,निहलानी
nihaalchand,निहालचंद,निहालचंद
nihalchand,निहालचंद,निहालचंद
neechaaee,नीचाई,नीचाई
nichaai,निचाई,नीचाई
neat,नीट,नीट
neet,नीत,नीट
neetiyon,नीतियों,नीतियों
nitiyon,नितियों,नीतियों
neelagaay,नीलगाय,नीलगाय
nilgai,निलगाई,नीलगाय
neelaabh,नीलाभ,नीलाभ
nilaabh,निलाभ,नीलाभ
nilabh,निलाभ,नीलाभ
nuskhe,नस्खे,नुस्खे
noon,नू,नून
nun,नन,नून
noobiyaa,नूबिया,नूबिया
nubiya,नुबिया,नूबिया
nrityashaili,नृत्यशाएली,नृत्यशैली
nrutyashaili,नृत्यशाएली,नृत्यशैली
nrityon,नृत्यों,नृत्यों
nrutyon,नृत्यों,नृत्यों
neco,नेको,नेको
neko,नेको,नेको
nectar,नेक्टर,नेक्टर
neg,नेग,नेग
nega,नेगा,नेग
networking,नेटवर्किंग,नेटवर्किग
neto,नेटो,नेटो
neta,नेता,नेता
nemo,नेमो,नेमो
nelsan,नेलसन,नेल्सन
nelson,नेल्सन,नेल्सन
nations,नेशंस,नेशंस
nehara,नेहरा,नेहरा
nehra,नहरा,नेहरा
naino,नैनो,नैनो
nano,नानो,नैनो
naivedh,नैवेध,नैवेद्य
naivegh,नैवेग,नैवेद्य
nevedya,नेवेद्य,नैवेद्य
nominate,नोमिनेट,नॉमिनेट
naukari,नौकरी,नोकरी
naukri,नौकरी,नोकरी
nokari,नोकरी,नोकरी
nokri,नोकरी,नोकरी
notes,नोट्स,नोट्स
nora,नोरा,नोरा
nori,नोरी,नोरी
nauner,नॉनर,नौनेर
nauvahan,नौवाहन,नौवहन
naushad,नौशद,नौशाद
panchaang,पंचांग,पंचांग
panchang,पंचांग,पंचांग
punchang,पंचांग,पंचांग
punjab,पुंजब,पंजाब
punjabiyon,पुंजबियों,पंजाबियों
pantar,पंतर,पंटर
panter,पेंटर,पंटर
punter,पंटर,पंटर
pakaayein,पकाएं,पकाएं
pakaayen,पकाएं,पकाएं
pakaen,पकाएं,पकाएं
pakayen,पकाएं,पकाएं
pakaude,पकौड़े,पकौड़े
pakshapat,पश्चापत,पक्षपात
pakshpaat,पश्पातात,पक्षपात
pakshpat,पश्पात्त,पक्षपात
pagabadha,पगाबढ़ा,पगबाधा
pagbadha,पग्बाधा,पगबाधा
pagalaa,पगला,पगला
pagla,पगला,पगला
pachaataa,पचाता,पचाता
pachata,पछाता,पचाता
patakkar,पटक्कर,पटककर
patkathaayein,पत्कथाएं,पटकथाएं
patkathaein,पत्कथाएं,पटकथाएं
patkathayen,पत्कथाएं,पटकथाएं
patki,पटकी,पटकी
pataraani,पतरानी,पटरानी
patrani,पत्रणी,पटरानी
patavaari,पतावारी,पटवारी
patwari,पटवारी,पटवारी
pataakshep,पताक्षेप,पटाक्षेप
patachep,पटचेप,पटाक्षेप
patakshep,पत्कशेप,पटाक्षेप
patiya,पटिया,पटिया
patiyaa,पटिया,पटिया
padaraunaa,पदराना,पडरौना
padrauna,पद्रौना,पडरौना
padega,पड़ेगा,पड़ेगा
padegaa,पड़ेगा,पड़ेगा
padha,पढ़ा,पढ़ा
padhaa,पढ़ा,पढ़ा
padhaataa,पढ़ाता,पढ़ाता
padhata,पढ़ता,पढ़ाता
patili,पतिली,पतीली
padamawati,पदमावती,पदमावती
padmavati,पद्मावती,पदमावती
padmawati,पद्मावती,पदमावती
padadhikari,पदाधीकारी,पदाधिकारी
panapnaa,पनपना,पनपना
panpana,पंपना,पनपना
panaamaa,पनामा,पनामा
panama,पनमा,पनामा
paneer,पैनीर,पनीर
pammi,पम्मी,पम्मी
pammu,पम्मू,पम्मी
pummi,पुम्मी,पम्मी
pummy,पुम्य,पम्मी
pardesiyon,परदेसियों,परदेसियों
pardesi,परदेसी,परदेसी
parva,परवा,परवा
parvaa,परवा,परवा
parwa,परवा,परवा
parwaa,परवा,परवा
paraadheen,पराधीन,पराधीन
paraadhin,पराधीन,पराधीन
paradheen,पराधीन,पराधीन
paradhin,पराधीन,पराधीन
parikalpit,परिकल्पित,परिकल्पित
parimal,परिमाल,परिमल
parishad,परिशद,परिषद
parishadiy,परिशदीय,परिषदीय
parishadiya,परिशदीय,परिषदीय
parishadon,परिशदों,परिषदों
parikhaen,परिकाएं,परीक्षाएं
parikshaayein,परिक्षाएं,परीक्षाएं
parikshaen,परिक्षाएं,परीक्षाएं
parosane,परोसने,परोसने
parosne,परोसने,परोसने
parda,परदा,पर्दा
pardaa,परदा,पर्दा
purple,पर्पल,पर्पल
palatne,पलाटने,पलटने
paltane,पलटने,पलटने
palaari,पलारी,पलारी
palari,पलारी,पलारी
pale,पाले,पले
palmonari,पलमोनारी,पल्मोनरी
pulmonary,पुल्मोनरी,पल्मोनरी
plus,प्लस,पल्स
pulse,पुल्स,पल्स
pashtun,पश्तुण,पश्तून
pashtuun,पश्तुन,पश्तून
pahan,पहन,पहन
pehan,पहन,पहन
pahantaa,पहनता,पहनता
pahnata,पहनाता,पहनता
pehnate,पहनाते,पहनता
pahanate,पहनते,पहनते
pahante,पहनते,पहनते
pehnate,पहनाते,पहनते
pahnaakar,पहनाकर,पहनाकर
pahnakar,पहनाकर,पहनाकर
pehnakar,पहनाकर,पहनाकर
pahnaati,पहनाती,पहनाती
pahnati,पहनती,पहनाती
pehnati,पहनती,पहनाती
pahani,पहनी,पहनी
pahni,पहनी,पहनी
pehni,पहनी,पहनी
pahno,पहनो,पहनो
pehno,पहनो,पहनो
pahla,पहला,पहला
pahlaa,पहला,पहला
pehla,पहला,पहला
paheliyaan,पहेलियां,पहेलियां
paheliyan,पहेलियां,पहेलियां
paheliyon,पहेलियों,पहेलियों
pide,पीड़,पाइड
pied,पियद,पाइड
pythagoras,पिथगरस,पाइथागोरस
pythogaras,पिथोगरस,पाइथागोरस
paakhandi,पाखंडी,पाखंडी
pakhandi,पखंडी,पाखंडी
paathshaalaayein,पाठशालाएं,पाठशालाएं
pathshalayein,पठशालयें,पाठशालाएं
pathshalayen,पठशालयें,पाठशालाएं
paathyakram,पाठ्यक्रम,पाठ्यक्रम
pathyakram,पाठ्यक्रम,पाठ्यक्रम
pathykram,पाठ्यक्रम,पाठ्यक्रम
paathyakramon,पाठ्यक्रमों,पाठ्यक्रमों
pathyakramon,पाठ्यक्रमों,पाठ्यक्रमों
pathykramon,पाठ्यक्रमों,पाठ्यक्रमों
population,पोपुलेशन,पापुलेशन
pailot,पैलोट,पायलट
pilot,पिलोट,पायलट
pailoton,पैलोटन,पायलटों
piloton,पिलोटों,पायलटों
paarampariktaa,पारंपरिकता,पारंपरिकता
paramparikata,पारंपारिकता,पारंपरिकता
paramparikta,पारंपारिकता,पारंपरिकता
parnel,पर्नेल,पार्नेल
parnell,पर्नेल,पार्नेल
parleron,पार्लेरों,पार्लरों
parloron,परलोरों,पार्लरों
parlouron,परलूरों,पार्लरों
paarshad,पारशाद,पार्षद
parshad,परशद,पार्षद
paarshadon,पार्शादों,पार्षदों
parshadon,पर्शदों,पार्षदों
parshdon,परशदों,पार्षदों
policy,पॉलिसी,पालिसी
pinta,पिंटा,पिंटा
pintaa,पिंटा,पिंटा
piega,पीगा,पिएगा
piyegaa,पिएगा,पिएगा
pic,पीआईसी,पिक
pick,पिक,पिक
pik,पीक,पिक
piki,पीकी,पिकी
piky,पीकी,पिकी
picture,पिक्चर,पिक्चर
pigmentation,पिजेंटन,पिगमेंटेशन
pigs,पिग्स,पिग्स
pichde,पिछड़े,पिछड़े
pichhade,पिछड़े,पिछड़े
pijja,पिजजा,पिज्जा
pizza,पिज़ज़ा,पिज्जा
pitaamaha,पितामह,पितामह
pitamah,पितामह,पितामह
pipra,पिप्र,पिपरा
pipraa,पिप्रा,पिपरा
pipli,पिपली,पिपली
pearson,पीरसन,पियरसन
pierson,पीरसन,पियरसन
peary,पीरी,पियरी
piyari,पियारी,पियरी
pisaai,पिसाई,पिसाई
pisai,पिसाई,पिसाई
pihaani,पिहानी,पिहानी
pihani,पिहनी,पिहानी
pib,पीब,पीआईबी
pr,पीआर,पीआर
pml,पीएमएमएल,पीएमएल
pmo,प्मो,पीएमओ
pmch,प्मच,पीएमसीएच
psv,पीएसवी,पीएसवी
peaking,पीकिंग,पीकिंग
picking,पिकिंग,पीकिंग
peetne,पीटने,पीटने
pitne,पीटने,पीटने
pedia,पेडिया,पीडिया
pidiya,पिडिया,पीडिया
pidiyaa,पिडिया,पीडिया
peelepan,पीलेपन,पीलेपन
pilepan,पिलेपन,पीलेपन
pv,प्व,पीवी
pisa,पीसा,पीसा
putla,पुतला,पुतला
putlaa,पुटला,पुतला
putaliyaan,पुटलियां,पुतलियां
putliyan,पूटलियां,पुतलियां
putaliyon,पुटलियों,पुतलियों
putliyon,पुटलियों,पुतलियों
putali,पुताली,पुतली
putli,पुतली,पुतली
putale,पुतले,पुतले
putle,पूतले,पुतले
putin,पुटिन,पुतिन
putul,पुतुल,पुतुल
punargathan,पुनर्गठन,पुनर्गठन
puna,पूना,पुना
puraane,पुराने,पुराने
purane,पूराने,पुराने
puru,पुरु,पुरू
purjon,पुर्जों,पुर्जों
purzon,पुर्जों,पुर्जों
pulam,पुलाम,पुलम
pushkin,पुश्कीन,पुश्किन
pushkarana,पुष्करण,पुष्करणा
pushkarna,पुष्करण,पुष्करणा
pushkarnaa,पुष्करणा,पुष्करणा
pushp,पुष्प,पुष्प
pushpa,पुष्पा,पुष्प
pushpa,पुष्पा,पुष्पा
pushpaa,पुष्पा,पुष्पा
pushpit,पुष्पित,पुष्पित
pushpon,पुष्पों,पुष्पों
poonjikaran,पूजीकरण,पूंजीकरण
punjikaran,पुंजीकरण,पूंजीकरण
poojaapaath,पूजापथ,पूजापाठ
poojapath,पूजापथ,पूजापाठ
pujapath,पुजापथ,पूजापाठ
pooranpur,पूरांपुर,पूरनपुर
puranpur,पुरांपुर,पूरनपुर
purvaabhaas,पूर्वाभास,पूर्वाभास
purvaabhas,पूर्वाभास,पूर्वाभास
purvabhaas,पूर्वाभास,पूर्वाभास
purvabhas,पूर्वाभास,पूर्वाभास
pendulam,पेंडुलम,पेंडुलम
pendulum,पेंडुलुम,पेंडुलम
peg,पेग,पेग
pages,पेज्स,पेजेज
pajej,पजेज,पेजेज
pace,पेस,पेस
pes,पेस,पेस
pastry,पैस्ट्री,पेस्ट्री
pangolin,पांगोलिन,पैंगोलिन
pengolin,पेंगोलिन,पैंगोलिन
packard,पैक्कड़,पैकर्ड
package,पैक्के,पैकेज
packageon,पक्कजें,पैकेजों
packagon,पक्कागों,पैकेजों
packajon,पक्कजों,पैकेजों
paim,पैम,पैम
pam,पैम,पैम
paratrooper,पाराट्रूपर,पैराट्रूपर
peratrupers,पैराटर्प्स,पैराट्रूपर
paranormal,परणोरमल,पैरानॉर्मल
peranormal,पेरानोर्मल,पैरानॉर्मल
paraffin,परफीन,पैराफिन
parafin,पराफीन,पैराफिन
perafin,पेरफीन,पैराफिन
parabola,परबोला,पैराबोला
perabola,पेराबोला,पैराबोला
polimer,पोलिमर,पॉलिमर
polymer,पाल्यमर,पॉलिमर
polishing,पोलिशिंग,पॉलिशिंग
pokar,पोकर,पोकर
poker,पोकर,पोकर
polish,पुलिश,पोलिश
poshit,पोषित,पोषित
posta,पोस्टा,पोस्ता
pau,पाऊ,पौ
pyade,प्यादे,प्यादे
prakriya,प्रक्रिय,प्रक्रिया
prakshepak,प्रक्षेपक,प्रक्षेपक
pratigya,प्रतिग्य,प्रतिज्ञा
prtigyaa,पृत्गया,प्रतिज्ञा
pratibhutiyan,प्रतिभूतियां,प्रतिभूतियां
pratiyon,प्रतियों,प्रतियों
prativaad,प्रतिवाद,प्रतिवाद
prativad,प्रतिवाद,प्रतिवाद
prativadi,प्रतिवादी,प्रतिवादी
pratishat,प्रतिषात,प्रतिशत
praneet,प्रणीत,प्रनीत
pranit,प्राणित,प्रनीत
prapaat,प्रपात,प्रपात
prapat,प्रपत,प्रपात
prapaaton,प्रपातों,प्रपातों
prapaton,प्रपतों,प्रपातों
prabodhini,प्रबोधिनी,प्रबोधिनी
prayaasrat,प्रयास्रत,प्रयासरत
prayasarat,प्रयासरत,प्रयासरत
pradarshan,प्रदर्शन,प्रर्दशन
prardashan,प्ररदाशान,प्रर्दशन
pravati,प्रवती,प्रवत्ति
pravatti,प्रवत्ति,प्रवत्ति
prashaasanik,प्रशासनिक,प्रशासनिक
prashasanik,प्रशासनिक,प्रशासनिक
prashasnik,प्रशासनिक,प्रशासनिक
prashaasanon,प्रशासनों,प्रशासनों
prashansanon,प्रशंसनों,प्रशासनों
prashasanon,प्रशासनों,प्रशासनों
prashikshu,प्रशिक्षु,प्रशिक्षु
prastaavon,प्रस्तावों,प्रस्तावों
prastavon,प्रस्तावों,प्रस्तावों
prahlaad,प्रहलाद,प्रहलाद
prahlad,प्रहलाद,प्रहलाद
prahasan,प्रहासन,प्रहसन
prahsan,प्रहसन,प्रहसन
prahaarak,प्रहारक,प्रहारक
praharak,प्रहारक,प्रहारक
prahad,प्रहाद,प्रह्लाद
prahlad,प्रहलाद,प्रह्लाद
privacy,प्रिवासी,प्राइवेसी
praakkathan,प्राक्षाओथन,प्राक्कथन
prakkathan,प्रक्थान,प्राक्कथन
praan,प्राण,प्राण
pran,प्रण,प्राण
pranon,प्रणों,प्राणों
prathamik,प्रथामिक,प्राथमिक
prathmik,प्रथमिक,प्राथमिक
praathmikata,प्राथमिकता,प्राथमिकता
prathmikta,प्राथमिकता,प्राथमिकता
prathmiki,प्राथमिकी,प्राथमिकी
pradhyapakon,प्रध्यापकों,प्राध्यापकों
prapt,प्रप्त,प्राप्त
prapta,प्रप्ता,प्राप्त
prapti,प्रप्ति,प्राप्ती
praroop,प्रारूप,प्रारूप
prarup,प्रारुप,प्रारूप
priyamani,प्रियमानी,प्रियामणि
proof,प्रूफ,प्रूफ
pruf,प्रुफ,प्रूफ
prekshakon,प्रेक्षकों,प्रेक्षकों
prem,प्रीम,प्रेम
premlata,प्रेमलाता,प्रेमलता
prema,प्रेमा,प्रेमा
premi,प्रीमी,प्रेमी
profit,प्रोफित,प्रॉफिट
processing,प्रोसेसिंग,प्रॉसेसिंग
programers,प्रोग्रामर्स,प्रोग्रामर्स
programmers,प्रोग्राम्रेस,प्रोग्रामर्स
programs,प्रोग्राम्स,प्रोग्रामर्स
proto,प्रोटो,प्रोटो
propellant,प्रोपलांटेंट,प्रोपेलेंट
propellent,प्रोपलेंट,प्रोपेलेंट
praudh,प्रौढ़,प्रौढ
proud,प्रूड,प्रौढ
plan,प्लान,प्लेन
plane,प्लेन,प्लेन
fund,फुंड,फंड
funda,फुंडा,फंडा
funding,फंदिंग,फंडिंग
fandon,फैंडों,फंदों
fagua,फगुआ,फगुआ
fatane,फटने,फटने
phatane,फटने,फटने
phatne,फटने,फटने
fadfadata,फड़फड़ता,फड़फड़ाता
phadphadata,फड़फड़ता,फड़फड़ाता
fatehgadh,फटेहगढ़,फतेहगढ़
fatehgarh,फेटहगढ़,फतेहगढ़
fabti,फब्ती,फब्ती
phabti,फबटी,फब्ती
farse,फार्स,फरसे
pharase,फरेस,फरसे
pharse,फर्स,फरसे
farheen,फरहीन,फरहीन
farhin,फरहीन,फरहीन
farth,फर्थ,फर्थ
ferth,फर्थ,फर्थ
pharth,फर्थ,फर्थ
farmion,फैर्मियन,फर्मिऑन
fermion,फर्मिन,फर्मिऑन
firmian,फर्मियन,फर्मिऑन
farookhabad,फरुखाबड़,फर्रुखाबाद
farrukhabad,फरुकहाबाद,फर्रुखाबाद
farukhabad,फरुखाबड़,फर्रुखाबाद
farookhnagar,फरुखनगर,फर्रूखनगर
farrukhnagar,फरुकनगागर,फर्रूखनगर
farukhnagar,फरुखनगर,फर्रूखनगर
falata,फलता,फलता
falta,फलता,फलता
phalata,फलता,फलता
falne,फलने,फलने
phalne,फलने,फलने
falitarth,फलीतार्थ,फलितार्थ
phalitartha,फलीतर्थ,फलितार्थ
falibhoot,फलीभूत,फलीभूत
falibhut,फलीभुत,फलीभूत
phalibhoot,फलीभूत,फलीभूत
favvara,फववारा,फव्वारा
fawaara,फावारा,फव्वारा
favvare,फववारे,फव्वारे
fawaare,फ़वारे,फव्वारे
favvaron,फववारों,फव्वारों
fawaaron,फवारों,फव्वारों
faisala,फैसला,फ़ैसला
faisla,फैसला,फ़ैसला
follow,फोलो,फ़ॉलो
faansi,फांसी,फांसी
fansi,फैंसी,फांसी
fatama,फटमा,फातमा
fatma,फटमा,फातमा
faaf,फाफ,फाफ
phaaph,फाफ,फाफ
farsi,फर्सी,फारसी
forcee,फार्सी,फारसी
farm,फर्म,फार्म
form,फॉर्म,फार्म
farmic,फार्मिक,फार्मिक
formic,फॉर्मिक,फार्मिक
formulae,फोरमूलाई,फार्मूले
formule,फोर्मूल,फार्मूले
formuley,फर्मूले,फार्मूले
pharmacy,फरमाक्य,फार्मेसी
pharma,फरमा,फार्मों
pharmon,फरमों,फार्मों
farms,फर्म्स,फार्म्स
finger,फिंगर,फिंगर
fikra,फिक्र,फिक्र
physician,फिजिएन,फिजिशियन
firti,फीरती,फिरती
fisla,फिसला,फिसला
fislaa,फिसला,फिसला
feeder,फीडर,फीडर
fulaaye,फुलाए,फुलाए
fulae,फुलाए,फुलाए
fulay,फुलाय,फुलाए
furti,फूर्ती,फूर्ति
phurti,फूर्ती,फूर्ति
fus,फस,फूस
phoos,फूस,फूस
phus,फुस,फूस
feka,फेका,फेका
fefada,फेफाड़ा,फेफड़ा
fefda,फेफड़ा,फेफड़ा
facial,फैलियल,फेशियल
fact,फैक्ट,फैक्ट
federal,फेडरल,फैडरल
failkar,फैलकर,फैलकर
failaaiye,फैलाईए,फैलाइए
failaea,फैलाए,फैलाइए
failaiya,फैलाइया,फैलाइए
failaiye,फैलाईए,फैलाइए
failegi,फैलेगी,फैलेगी
font,फॉन्ट,फॉन्ट
fogat,फोगत,फोगाट
phogat,फोगत,फोगाट
fod,फीओडी,फोड़
phod,फोड,फोड़
foda,फोडा,फोड़ा
fodaa,फोडा,फोड़ा
phoda,फोडा,फोड़ा
fode,फोड़े,फोड़े
phode,फोड़े,फोड़े
fodo,फोडो,फोड़ों
fodon,फोड़ों,फोड़ों
phodo,फोडो,फोड़ों
fortis,फोर्टिस,फोर्टिस
fusion,फूसन,फ्यूजन
fuji,फूजी,फ्यूजी
fyuji,फ्यूजी,फ्यूजी
francisca,फ्रैंसिस्का,फ्रांसिस्का
franciska,फ्रैंसिस्का,फ्रांसिस्का
fransiska,फ्रांसिस्का,फ्रांसिस्का
francisco,फ्रांसिस्को,फ्रांसिस्को
francisko,फ्रांसिस्को,फ्रांसिस्को
fransisko,फ्रांसिस्को,फ्रांसिस्को
fringe,फ्रिंग,फ्रिंज
friendship,फ्रिंद्शिप,फ्रेंडशिप
frost,फ्रॉस्ट,फ्रॉस्ट
flin,फ्लिन,फ्लिन
flynn,फ्लाइन,फ्लिन
flesh,फ्लेश,फ्लेश
bang,बंग,बंग
bung,बंग,बंग
bangbandhu,बंगबंधु,बंगबंधु
bangbhang,बंगभांग,बंगभंग
bangash,बंगाश,बंगश
bangsh,बंगश,बंगश
bantane,बंटाने,बंटने
bantne,बंटने,बंटने
bandhati,बंधाती,बंधती
bandhti,बंधती,बंधती
bandhan,बंधन,बंधान
bandhuon,बंधुओं,बंधुओं
bamba,बांबा,बंबा
mumba,मुंबा,बंबा
bakaayon,बकायों,बकायों
bakayon,बकायों,बकायों
bakaul,बकाऊल,बकौल
bakoul,बकूल,बकौल
baksa,बकसा,बक्सा
baksi,बकसी,बक्सी
bakse,बकसे,बक्से
bakhshane,बख़शाने,बख्शने
bakhshne,बख़्शने,बख्शने
bagad,बगड़,बगड़
bagd,बाग्ड,बगड़
bageechi,बगीची,बगीची
bagichi,बगीची,बगीची
bachat,बचात,बचत
bachati,बचाती,बचती
bachti,बचती,बचती
bajana,बजना,बजना
bajrangi,बजरंगी,बजरंगी
bajaj,बजाज,बजाज
batalvi,बतलवी,बटालवी
badhachadhakar,बधाचाधकर,बढ़ाचढ़ाकर
badata,बड़ता,बढ़ाता
badhaataa,बढ़ाता,बढ़ाता
badhata,बढ़ता,बढ़ाता
badhaati,बढ़ाती,बढ़ाती
badhati,बढ़ती,बढ़ाती
badhayi,बढ़ाए,बढ़ायी
badhav,बढ़ाव,बढ़ाव
badhotari,बढ़ोतारी,बढ़ोतरी
badhotri,बधोत्री,बढ़ोतरी
batlaae,बतलाई,बतलाए
batlaaye,बतलाए,बतलाए
batlae,बतलाई,बतलाए
batlaye,बतलाए,बतलाए
batlaakar,बटलाकर,बतलाकर
batlakar,बटलाकर,बतलाकर
badlapur,बदलापुर,बदलापुर
badali,बदली,बदली
badli,बादली,बदली
badam,बदम,बदाम
banva,बनवा,बनवा
banvaa,बनवा,बनवा
banaam,बनाम,बनाम
banam,बनाम,बनाम
bnaam,बनाम,बनाम
baniya,बनिया,बनिया
banu,बनु,बनू
barpaayaa,बरपाया,बरपाया
barpaya,बरपाया,बरपाया
barsa,बारसा,बरसा
barsaata,बरसाता,बरसाता
barsaataa,बरसाता,बरसाता
barsata,बरसता,बरसाता
barhad,बारहद,बरहद
baraat,बारात,बरात
barat,बारात,बरात
braat,ब्रात,बरात
baraamad,बरामद,बरामद
baramad,बरामद,बरामद
bramad,ब्रामद,बरामद
baramade,बरामड़े,बरामदे
baramde,बरामदे,बरामदे
bare,बेयर,बरे
birth,बीर्थ,बर्थ
baljeet,बलजीत,बलजीत
baljit,बलजीत,बलजीत
ballabh,बल्लभ,बल्लभ
balla,बल्ला,बल्ला
balli,बल्ली,बल्ली
basava,बसवा,बसावा
bastiyon,बस्तियों,बस्तियों
bahroopiya,बहरूपीय,बहरूपिया
bahrupiya,बहरुपीय,बहरूपिया
bahamaas,बहमास,बहामास
bahamas,बहमास,बहामास
bahaav,बहाव,बहाव
bahav,बाहव,बहाव
bhav,भव,बहाव
bahavalpur,बहवलपुर,बहावलपुर
bahawalpur,बहवलपुर,बहावलपुर
bahuchara,बहुचारा,बहुचरा
banthia,बांथिया,बांठिया
banthiya,बांथिया,बांठिया
bandhate,बंधाते,बांधते
bandhte,बंधते,बांधते
banbi,बनबी,बांबी
bombi,बोंबी,बांबी
bounceron,बाउंसरों,बाउंसरों
bowling,बोलिंग,बाउलिंग
baku,बाकू,बाकू
bakuu,बाकू,बाकू
baag,बाग,बाग
bag,बाग,बाग
bagh,बाघ,बाग
bagabani,बागाबनी,बागबानी
bagbani,बग्बानी,बागबानी
bagali,बगली,बागली
bagli,बगली,बागली
baagiyon,बागियों,बागियों
bagiyon,बागियों,बागियों
baago,बागो,बागो
bago,बागो,बागो
baji,बाजी,बाज़ी
bazi,बाजी,बाज़ी
bajaru,बाजारू,बाजारू
bazaru,बाजारू,बाजारू
bajuon,बाजून,बाजुओं
badh,बढ़,बाध
badha,बढ़ा,बाधा
baadhaaon,बाधाओं,बाधाओं
baadhaon,बाधाओं,बाधाओं
badhaaon,बढ़ाओं,बाधाओं
badhaon,बढ़ाओं,बाधाओं
baadhit,बाधित,बाधित
badhit,बढ़ीत,बाधित
baani,बानी,बानी
bani,बनी,बानी
baapa,बापा,बापा
baapaa,बापा,बापा
bapa,बापा,बापा
bapaa,बापा,बापा
baabat,बाबात,बाबत
babat,बबात,बाबत
babt,बब्त,बाबत
bayern,बेयरन,बायर्न
byrun,ब्यूरन,बायर्न
barah,बारह,बारह
baarahamaasee,बारहमासी,बारहमासी
barahamasi,बरहमसी,बारहमासी
barahmasi,बरहमसी,बारहमासी
barahsinga,बराहसंगा,बारहसिंगा
barasingha,बरासिंह,बारहसिंगा
bala,बाला,बाला
baalti,बालती,बाल्टी
balti,बलती,बाल्टी
balty,बल्टी,बाल्टी
baldvin,बाल्दवीन,बाल्डविन
baldwin,बालदवीं,बाल्डविन
bavaji,बावाजी,बावजी
bavji,बावजी,बावजी
baawaraa,बावरा,बावरा
bavra,बावरा,बावरा
bawara,बावरा,बावरा
baahulya,बाहुल्य,बाहुल्य
bahuly,बहुल्य,बाहुल्य
bahulya,बहुल्य,बाहुल्य
box,बॉक्स,बाॅक्स
bikherati,बिखेरती,बिखेरती
bikherti,बिखेरती,बिखेरती
biggest,बिगेस्ट,बिगेस्ट
bichhua,बिछुआ,बिछुआ
bichhuaa,बिछुआ,बिछुआ
biji,बिजी,बिजी
busy,बस्य,बिजी
buzy,बूजी,बिजी
bipin,बिपिन,बिपिन
bilae,बिलाए,बिलाई
bilai,बिलाई,बिलाई
billa,बिल्ला,बिल्ला
billaa,बिल्ला,बिल्ला
bilhaur,बिलहौर,बिल्हौर
bisva,बिस्व,बिस्वा
biswa,बिसवा,बिस्वा
bag,बाग,बीएजी
bikaner,बिकानेर,बीकानेर
bikaneri,बिकनेरी,बीकानेरी
bk,बीके,बीके
beejak,बीजक,बीजक
bijak,बिजक,बीजक
beef,बीफ,बीफ
beem,बीम,बीम
bim,बीम,बीम
beemon,बीमों,बीमों
bimon,बाइमन,बीमों
beerganj,बीरगंज,बीरगंज
birganj,बीरगंज,बीरगंज
beesavaan,बीसवान,बीसवां
bisavan,बीसवन,बीसवां
bisawan,बिसवन,बीसवां
beast,बीस्ट,बीस्ट
budvig,बुडविग,बुडविग
budwig,बुद्विग,बुडविग
bull,बुल,बुल
bulaao,बुलाओ,बुलाओ
bulao,बुलाओ,बुलाओ
bule,बुले,बुले
bulletin,बुलेटिन,बुलेटिन
brijesh,बृजेश,बृजेश
benvar,बेनवार,बेंवर
benwar,बेनवार,बेंवर
beaulad,बेलाद,बेऔलाद
bekaaboo,बेकाबू,बेकाबू
bekabu,बेकाबू,बेकाबू
bechakar,बेचकर,बेचकर
bechkar,बेचकर,बेचकर
bechate,बेचते,बेचते
bechte,बेचते,बेचते
bediyan,बेडियां,बेड़ियां
bethanal,बेथनाल,बेथनल
bethnal,बेथनाल,बेथनल
benis,बेनिस,बेनिस
belacha,बेलचा,बेलचा
belcha,बेलचा,बेलचा
belinda,बेलिंदा,बेलिंडा
bevkufana,बेवकुफना,बेवकूफाना
bewakoofaanaa,बेवकूफाना,बेवकूफाना
bewkufana,बेवकुफना,बेवकूफाना
besahaaraa,बेसहारा,बेसहारा
besahara,बेसाहारा,बेसहारा
basin,बसीन,बेसिन
besin,बेसिन,बेसिन
basil,बसील,बेसिल
besil,बेसिल,बेसिल
bandage,बैंडेज,बैंडेज
bandej,बंदेज,बैंडेज
baithantey,बैठांते,बैठते
baithate,बैठते,बैठते
baitool,बैटूल,बैतूल
baitul,बैटुल,बैतूल
betul,बेटुल,बैतूल
baini,बैनी,बैनी
beni,बेनी,बैनी
bairakpur,बैराकपुर,बैरकपुर
barrackpore,बराकपपोर,बैरकपुर
baila,बैला,बैला
bella,बेला,बैला
ballistic,बालिस्टिक,बैलिस्टिक
bells,बेल्स,बैल्स
bostan,बोस्टन,बॉस्टन
bosten,बोस्टन,बॉस्टन
boston,बोस्टन,बॉस्टन
bokaro,बोकारो,बोकारो
bodara,बोड़ा,बोदरा
bodra,बोडरा,बोदरा
bodraa,बोड़्रा,बोदरा
bona,बोना,बोना
borkar,बोरकर,बोरकर
borivali,बोरिवाली,बोरीवली
boriwali,बोरिवाली,बोरीवली
born,बॉर्न,बोर्न
bolane,बोलने,बोलने
boliae,बोलियाई,बोलिए
boliy,बोलीय,बोलिए
boliye,बोलीय,बोलिए
bosaan,बोसान,बोसान
bosan,बोसन,बोसान
bauni,बौनी,बौनी
bouni,बौनी,बौनी
byaawa,ब्याव,ब्यावर
byavar,ब्यावर,ब्यावर
brajesh,ब्रजेश,ब्रजेश
brijesh,बृजेश,ब्रजेश
brahmalin,ब्रह्मालिन,ब्रह्मलीन
brahmleen,ब्रह्मलीन,ब्रह्मलीन
brahmlin,ब्रह्मलिन,ब्रह्मलीन
bravo,ब्रेवो,ब्रावो
brigatn,ब्रिगटन,ब्रिगटन
brighton,ब्राइटन,ब्रिगटन
brigton,ब्रिगटन,ब्रिगटन
brigadier,ब्रिगाडीयर,ब्रिगेडियर
britain,ब्रिटाइन,ब्रिटेन
breed,ब्रीड,ब्रीद
brock,ब्रॉक,ब्रोक
brok,ब्रॉक,ब्रोक
broke,ब्रोक,ब्रोक
brocken,ब्रॉकन,ब्रोकन
broken,ब्रोकेन,ब्रोकन
blosam,ब्लोसम,ब्लॉसम
blossom,ब्लॉसम,ब्लॉसम
bhagaane,भगाने,भगाने
bhagane,भगने,भगाने
bhadakaaya,भड़काया,भड़काया
bhadakaya,भड़काया,भड़काया
bhadkaayaa,भड़काया,भड़काया
bhadkaya,भड़काया,भड़काया
bharakaaya,भरकाया,भड़काया
bharakaya,भरकाया,भड़काया
bhabhoot,भभूत,भभूत
bhabhut,भभूत,भभूत
bhay,भय,भय
bhaya,भया,भय
bhayo,भयो,भयो
bharatanatyam,भरतनात्यम,भरतनाट्यम्
bharatnatyam,भरत्नत्याम,भरतनाट्यम्
bhartnatyam,भर्तनात्यम,भरतनाट्यम्
bharate,भराते,भरते
bharte,भर्ते,भरते
bharani,भरणी,भरनी
bharni,भरणी,भरनी
bharane,भरने,भरने
bharne,भरने,भरने
bhara,भारा,भरा
bhavishya,भविष्या,भविष्य
bhaate,भाते,भाते
bhate,भाते,भाते
bhanu,भानु,भानू
bhabar,भाबर,भाबर
bhareeye,भरीये,भारीय
bhariy,भारीय,भारीय
bhavanaon,भवनाओं,भावनाओं
bhavnaon,भवनाओं,भावनाओं
bhaskar,भासकर,भास्कर
bheed,भीड़,भीड़
bheera,भीरा,भीरा
bhira,भीरा,भीरा
bheesham,भीषम,भीष्म
bhisham,भिषम,भीष्म
bhishm,भिष्म,भीष्म
bhugat,भूगत,भुगत
bhugata,भुगता,भुगता
bhugta,भुगता,भुगता
bhutto,भूत्तो,भुट्टो
bhumi,भूमी,भुमि
bhurbhura,भूरभुरा,भुरभुरा
bhookh,भूख,भूख
bhukh,भूख,भूख
bhookhi,भूखी,भूखी
bhukhi,भुखी,भूखी
bhoogol,भूगोल,भूगोल
bhugol,भुगोल,भूगोल
bhootal,भूतल,भूतल
bhutal,भूताल,भूतल
bhoopsingh,भूपसिंह,भूपसिंह
bhupsingh,भूपसिंह,भूपसिंह
bhumi,भूमी,भूमी
bhumika,भूमिका,भूमी
bhulata,भुलता,भूलता
bhulataa,भुलता,भूलता
bhulta,भुलता,भूलता
bhula,भुला,भूला
bhulaa,भुला,भूला
bhooli,भूली,भूली
bhuli,भुली,भूली
bhulo,भुलो,भूलो
bhulon,भूलों,भूलों
bhusi,भूसी,भूसी
bhooswaami,भूसवामी,भूस्वामी
bhusvami,भूस्वामी,भूस्वामी
bhuswami,भूस्वामी,भूस्वामी
bhengapan,भेंगपान,भेंगापन
bhairavnath,भैरावनाथ,भैरवनाथ
bhairo,भैरो,भैरो
bhogatey,भोगते,भोगते
bhogte,भोगते,भोगते
bhola,भोला,भोला
bholi,भोली,भोली
bholu,भोलू,भोलू
bhaunho,भौंहों,भौंहों
bhaunhon,भौनहों,भौंहों
bhoonhon,भूनहों,भौंहों
bhraant,भ्रांत,भ्रांत
bhrant,भ्रांत,भ्रांत
brant,ब्रांट,भ्रांत
bhraanti,भ्रांती,भ्रांति
bhranti,भ्रांती,भ्रांति
branti,ब्रांती,भ्रांति
bhraantiyan,भ्रांतियां,भ्रांतियां
bhrantiyan,भ्रांतियां,भ्रांतियां
bhraantiyon,भ्रांतियों,भ्रांतियों
bhrantiyon,भ्रांतियों,भ्रांतियों
mangesh,मंगेश,मंगेश
manch,मांच,मंच
manchit,मानचित,मंचित
mancheeye,मांचीय,मंचीय
manchiy,मांछीय,मंचीय
manchiya,मानचिया,मंचीय
manchon,मानचों,मंचों
manjil,मंजील,मंजिल
manzil,मंजील,मंजिल
manjila,मंजीला,मंजिला
manzila,मंजीला,मंजिला
manjilein,मंजिलें,मंजिलें
manjilen,मंजीलें,मंजिलें
manzilein,मंजिलें,मंजिलें
manto,मंटो,मंटो
mantriyon,मंत्रियों,मंत्रियों
makrani,मकरानी,मकरानी
maksad,मकसद,मक्सद
makhdumpur,मखदुंपुर,मखदुमपुर
machaaye,मचाए,मचाए
machae,मचाए,मचाए
machaye,मचाए,मचाए
machaanon,मचानों,मचानों
machanno,मचनों,मचानों
machano,मचानो,मचानों
machanon,मचनों,मचानों
madaura,मदौरा,मढ़ौरा
madhuara,मधुआरा,मढ़ौरा
madhura,मधुरा,मढ़ौरा
manipal,मनीपाल,मणिपाल
matpatron,मत्पत्रों,मतपत्रों
matthe,मट्ठे,मत्थे
matsyavatar,मत्स्यवातार,मत्स्यावतार
matsyavtar,मत्स्यवतार,मत्स्यावतार
masyendranath,मस्यंद्रनाथ,मत्स्येंद्रनाथ
matsyendranath,मत्सीनद्रनाथ,मत्स्येंद्रनाथ
madhupur,मधुपुर,मधुपुर
manmarji,मनमर्जी,मनमर्जी
manae,मनाई,मनाए
manaye,मनाए,मनाए
mnaey,मनाए,मनाए
mam,मैम,मम
mum,मूम,मम
maryokar,मर्योकर,मयोर्का
mayorka,मयोरका,मयोर्का
mayorkaa,मयोरका,मयोर्का
mardaani,मरदानी,मरदानी
mardani,मरदानी,मरदानी
marmar,मर्मर,मरमर
murmur,मूरमूर,मरमर
maratha,मराठा,मराठा
marathi,मारथी,मराठी
marji,मार्जी,मर्जी
mardanagi,मरदांगी,मर्दानगी
mardangi,मरदंगी,मर्दानगी
mardo,मार्डो,मर्दों
mardon,मार्डों,मर्दों
maryaadaa,मर्यादा,मर्यादा
maryada,मर्यदा,मर्यादा
maryaadaaon,मार्यादाओं,मर्यादाओं
maryadaon,मार्यदाओं,मर्यादाओं
malaga,मालगा,मलागा
malaar,मलार,मलार
malar,मालर,मलार
mashrak,मशरक,मशरक
masaaledaar,मसालेदार,मसालेदार
masaledaar,मसलेदार,मसालेदार
masaledar,मसलेदार,मसालेदार
masoor,मसूर,मसूर
masur,मसूर,मसूर
masse,मस्से,मस्से
mahakane,महकाने,महकने
mahakne,महकने,महकने
mahkane,महकाने,महकने
mehkane,महकाने,महकने
mahalon,महालों,महलों
mahlon,महलों,महलों
mahagranth,महाग्रांठ,महाग्रंथ
mhagranth,महाग्रांठ,महाग्रंथ
mahajan,महाजन,महाजन
mhajan,महाजन,महाजन
mahathir,महाठीर,महाथिर
mhathir,महाठिर,महाथिर
mahanatam,महानतम,महानतम
mahantam,महानतम,महानतम
mhantam,महानतम,महानतम
mahanideshak,महानीदेशक,महानिदेशक
mahanirdeshak,महानीरदेशक,महानिदेशक
mhanideshak,महानीदेशक,महानिदेशक
mahapauron,महापारों,महापौरों
mhapauron,महापारों,महापौरों
mahapran,महाप्रण,महाप्राण
mhapran,महाप्रण,महाप्राण
mahamantr,महामंत्र,महामंत्र
mahamantra,महामंत्र,महामंत्र
mhamantra,महामंत्र,महामंत्र
maharaja,महाराजा,महाराजा
mahavigyan,महाविज्ञान,महाविज्ञान
mhavidyan,महाविद्यान,महाविज्ञान
mahavidya,महाविद्या,महाविद्या
mhavidya,महाविद्या,महाविद्या
mahavishnu,महाविष्णु,महाविष्णु
mahasingh,महासिंह,महासिंह
mahasinh,महासिंह,महासिंह
mahipal,महीपाल,महिपाल
mahin,महीं,महीन
mahinon,महीनों,महीनों
maang,मांग,मांग
mang,मंग,मांग
mangani,मंगनी,मांगनी
mangni,मंगनी,मांगनी
maanga,मांगा,मांगा
manga,मंगा,मांगा
maangi,मांगी,मांगी
mangi,मंगी,मांगी
maange,मांगे,मांगे
mange,मांगें,मांगे
mango,मांगों,मांगो
maori,मारी,माओरी
maajin,माजिन,माजिन
majin,मजीन,माजिन
mathe,मठे,माथे
mathey,मठे,माथे
maap,माप,माप
map,माप,माप
mop,मोप,माप
mamooli,ममूली,मामूली
mamuli,ममूली,मामूली
mame,मेम,मामे
maarvaad,मारवाड,मारवाड़
marvad,मारवाड,मारवाड़
marwar,मारवार,मारवाड़
maariya,मारिया,मारिया
mariya,मरिया,मारिया
maariyo,मारियो,मारियो
mario,मारियो,मारियो
mariyo,मारियो,मारियो
martha,मार्था,मार्था
maalish,मालिश,मालिश
malish,मालिश,मालिश
mave,मेव,मावे
mavey,मवे,मावे
maas,मास,मास
mas,मास,मास
mass,मास,मास
maason,मासों,मासों
mason,मासों,मासों
mitaao,मिटाओ,मिटाओ
mitao,मिटाओं,मिटाओ
mithaai,मिथाई,मिठाई
mithai,मिथाई,मिठाई
media,मेडिया,मिडिया
mithila,मिथिला,मिथिला
mithilanchal,मिथिलनचाल,मिथिलांचल
mithya,मिथ्या,मिथ्या
mimicry,मिमिक्री,मिमिक्री
milkiyat,मिल्कियत,मिल्कियत
misha,मिशा,मिशा
mungeri,मुंगरी,मुंगेरी
mundva,मुंडवा,मुंडवा
mundwa,मुंडवा,मुंडवा
munshiganj,मूंशीगंज,मुंशीगंज
mukarte,मुकर्ते,मुकरते
mukartey,मुकर्ते,मुकरते
mukhopadhyaya,मुखोपाध्याय,मुखोपाध्याय
mukhyopadhyaay,मुख्योपाध्याय,मुखोपाध्याय
mukhyamantri,मुख्यमंत्री,मुख्यमंत्री
munaf,मूनफ,मुनाफ
munafa,मुनफा,मुनाफा
munnu,मून्यू,मुन्नू
mufalisi,मुफलिसी,मुफलिसी
muflisi,मूफ्लिसी,मुफलिसी
mubarakpur,मुबराकपुर,मुबारकपुर
mubarkpur,मुबरकपूर,मुबारकपुर
murjha,मूरझा,मुर्झा
multae,मुल्ताए,मुल्ताई
multai,मुल्ताई,मुल्ताई
mushahid,मुशाहिद,मुशाहिद
muhavare,मुहावरे,मुहावरे
muhavre,मुहावरे,मुहावरे
mooth,मूठ,मूठ
muth,मूठ,मूठ
mood,मूद,मूड
mud,मुद,मूड
moodi,मूदी,मूडी
moody,मूड्य,मूडी
mool,मूल,मूल
mul,मूल,मूल
moolchand,मूलछंद,मूलचंद
mulchand,मूलछंद,मूलचंद
moolar,मूलर,मूलर
mular,मूलर,मूलर
muller,मूलर,मूलर
moolon,मूलों,मूलों
mulon,मूलों,मूलों
maxico,मैक्सिको,मेक्सिको
mexico,मैक्सिको,मेक्सिको
mega,मेगा,मेगा
megapixal,मेगापिकल,मेगापिक्सल
megapixel,मैगापिक्सल,मेगापिक्सल
mejbaan,मेजबान,मेजबान
mejban,मेजबन,मेजबान
mezbaan,मेजबान,मेजबान
mejabani,मेजबनी,मेजबानी
mejbaani,मेजबानी,मेजबानी
mejbani,मेजबनी,मेजबानी
mezabani,मेजबनी,मेजबानी
mejbaan,मेजबान,मेज़बान
mejban,मेजबन,मेज़बान
mezbaan,मेजबान,मेज़बान
mejbaani,मेजबानी,मेज़बानी
mejbani,मेजबनी,मेज़बानी
mezbaani,मेजबानी,मेज़बानी
mate,मेट,मेट
met,मेट,मेट
mates,मेट्स,मेट्स
medical,मेडिकल,मेडीकल
methanol,मेथनॉल,मेथेनॉल
menu,मेनू,मेनू
mem,मेम,मेम
melaghaat,मेलघाट,मेलघाट
melghat,मेलघाट,मेलघाट
melaanin,मेलानिन,मेलानिन
melanin,मेलनेन,मेलानिन
melaani,मेलानी,मेलानी
melani,मेलनी,मेलानी
maheman,महेमन,मेहमान
mehamaan,मेहमान,मेहमान
mehaman,मेहमन,मेहमान
mehmaan,मेहमान,मेहमान
mehman,मेहमन,मेहमान
meharaam,मेहराम,मेहराम
mehram,मेहराम,मेहराम
macbook,मैकबुक,मैकबुक
matix,मैटिक्स,मैट्रिक्स
matrix,मैट्रिक्स,मैट्रिक्स
mad,माद,मैड
made,मेड,मैड
maid,मेद,मैड
maddy,मद्दी,मैडी
maidi,मैदी,मैडी
main,मैं,मैन
man,मन,मैन
men,में,मैन
mainan,मैनन,मैनन
menon,मेनों,मैनन
manner,मन्नेर,मैनर
maina,मैना,मैना
maine,मैने,मैने
marrej,मरेज,मैरेज
marriage,मैरिज,मैरेज
merraige,मरेज,मैरेज
maisachusets,मैसाचुसेट्स,मैसाचुसेट्स
massachusetts,मास्सचुसेट्स,मैसाचुसेट्स
maisor,मैसोर,मैसोर
maisore,मैसोर,मैसोर
mysore,मिसोर,मैसोर
mod,मोड,मॉड
mode,मोड,मॉड
modern,मॉडर्न,मॉडर्न
module,मोड़ले,मॉड्यूल
modules,मोडल्स,मॉड्यूल्स
modyuls,मोडयुल्स,मॉड्यूल्स
mauritious,मॉरीशस,मॉरिशस
mauritius,मॉरिशस,मॉरिशस
mogali,मोगली,मोगली
mowgli,मोगली,मोगली
motive,मोटीव,मोटिव
mol,मॉल,मोल
mold,मोल्ड,मोल्ड
moshe,मोशे,मोशे
mosad,मोसद,मोसाद
mohana,मोहना,मोहाना
mohani,मोहनी,मोहानी
mohini,मोहिनी,मोहिनी
mohim,मोहिम,मोहिम
maukon,मौकों,मौकों
mauma,मौमा,मौमा
maurya,मौर्य,मौर्या
morya,मोर्या,मौर्या
maurya,मौर्य,मौर्यों
mauryon,मौर्यों,मौर्यों
moryon,मोरोन,मौर्यों
maulaviyon,मौलवियों,मौलवियों
maulvidon,मौलविदों,मौलवियों
maulviyon,मौलवियों,मौलवियों
maule,मौले,मौले
mauley,मौलें,मौले
mausa,मौसा,मौसा
yatn,याटन,यत्न
yatna,यातना,यत्न
yada,यादा,यदा
yda,याडा,यदा
yaduvansh,यादुवंश,यदुवंश
yaduwansh,यादुवंश,यदुवंश
jerusalem,जेरूसलम,यरूशलेम
yarooshaleim,यारूशालेम,यरूशलेम
yarushalem,यरुशलेम,यरूशलेम
yashpaal,याशपाल,यशपाल
yashpal,याशपाल,यशपाल
yaatna,यातना,यातना
yatna,यातना,यातना
yaatanaon,यातनाओं,यातनाओं
yatnaon,यातनाओं,यातनाओं
yarayan,यरायन,यात्राएं
yatraein,यात्राएं,यात्राएं
yatraen,यात्राएं,यात्राएं
yaariyan,यारियां,यारियां
yariyan,यारियां,यारियां
yaari,यारी,यारी
yari,यारी,यारी
yugam,युग्म,युग्म
yugm,युग्म,युग्म
yuddhrat,युद्धृत,युद्धरत
yudhrat,युद्धरत,युद्धरत
ukrainian,उक्रेनियन,यूक्रेनियन
ukranian,उक्राणियन,यूक्रेनियन
jerusalem,जेरूसलम,येरुशलम
yorker,यॉर्कर,यॉर्कर
yojanaein,योजनाएं,योजनाएं
yojanaen,योजनाएं,योजनाएं
yojanaye,योजनाए,योजनाएं
rangate,रंगते,रंगते
rangte,रंगते,रंगते
rangkata,रंगकता,रंजकता
ranjkatha,रणजकथा,रंजकता
ranjkta,रणजकता,रंजकता
raees,रीस,रईस
rais,रेस,रईस
raktaabh,रक्ताभ,रक्ताभ
raktabh,रक्तभ,रक्ताभ
rakhna,रखना,रखना
raghupati,रघुपति,रघुपति
raghuram,रघुराम,रघुराम
registerd,रिजिस्टर्ड,रजिस्टर्ड
registered,रिजिस्टर्ड,रजिस्टर्ड
ratanpur,रतांपुर,रतनपुर
runners,रूनर्स,रनर्स
rayan,रायन,रयान
ryan,रयान,रयान
ralhan,राल्हन,रल्हन
ravish,राविश,रविश
ravael,रवैल,रवैल
ravel,रेवल,रवैल
rawail,रेवैल,रवैल
rasad,रसद,रसद
rasaayanik,रसायनिक,रसायनिक
rasaayanika,रसायनिका,रसायनिक
rasayanika,रसायनिका,रसायनिक
rasyanik,रस्यानिक,रसायनिक
rasaayanon,रसायनों,रसायनों
rasayanon,रसायानों,रसायनों
rahamat,रहमत,रहमत
rahmat,रहमत,रहमत
rhamat,रहमत,रहमत
rahenge,रहेंगे,रहेंगे
rahegi,रहेगी,रहेगी
rounder,रंडर,राउंडर
raak,राक,राक
rak,रक,राक
raakhe,राखे,राखे
rakhe,रखे,राखे
raagon,रागों,रागों
ragon,रागों,रागों
raghavan,रघवां,राघवन
raaj,राज़,राज
raj,रज,राज
rajkot,राजकोट,राजकोट
rajtantra,राजतंत्र,राजतंत्र
raajneetikaran,राजनीतिकारण,राजनीतीकरण
rajneetikaran,राजनीतिकारण,राजनीतीकरण
rajnitikaran,राजनीतिकारण,राजनीतीकरण
rajma,रजमा,राजमां
rajman,राजमान,राजमां
raajasva,राजसवा,राजस्व
rajasva,राजास्व,राजस्व
raaji,राजी,राजी
raji,राजी,राजी
rajinaama,राजीनामा,राजीनामा
rajinama,राजीनामा,राजीनामा
raajon,राजों,राजों
rajon,राजों,राजों
rana,रण,राणा
raatrichar,रात्रीचार,रात्रिचर
ratrichar,रत्रीचार,रात्रिचर
raadhe,राधे,राधे
radhe,राधे,राधे
ranapur,रणापुर,रानापुर
rabin,रबीन,राबिन
robin,रॉबिन,राबिन
rabha,राभा,राभा
ramkot,रामकोट,रामकोट
ramkote,रामकोटे,रामकोट
ramtek,रामटेक,रामटेक
rampur,रामपुर,रामपुर
rambharose,रामभरों,रामभरोसे
rambharosey,रामभरों,रामभरोसे
ramraj,रामराज,रामराज
raalod,रालोड,रालोद
ralaud,रालौद,रालोद
ralod,रालोड,रालोद
ravaley,रवाले,रावले
ravle,रावले,रावले
rasayanik,रसायनिक,रासायनिक
racreation,रेक्रिशन,रिक्रिएशन
recreation,रिक्रीशन,रिक्रिएशन
rig,रिग,रिग
riggs,रिग्स,रिग्स
rigs,रिग्स,रिग्स
richual,रिचुआल,रिचुअल
ritual,रितुअल,रिचुअल
reduction,रेडक्शन,रिडक्शन
ripan,रिपन,रिपन
ripon,रिपों,रिपन
ria,रिया,रिया
riya,रिया,रिया
rishte,रिश्ते,रिश्ते
rishtey,रिश्ते,रिश्ते
risane,रिसाने,रिसने
risaney,रिसने,रिसने
risne,रिसने,रिसने
rihana,रिहाना,रिहाना
rihanna,रिहानना,रिहाना
regal,रेगल,रीगल
rigal,रिगल,रीगल
reasonal,रियासनल,रीजनल
regional,रेजियनल,रीजनल
retreate,रिट्रीट,रीट्वीट
retweet,रेतवीत,रीट्वीट
reeta,रीता,रीता
rita,रिता,रीता
rukate,रुकते,रुकते
rukte,रुकते,रुकते
ruktey,रुकते,रुकते
rugan,रूगण,रुग्ण
rugna,रूग्न,रुग्ण
ruganta,रूगंता,रुग्णता
rugnata,रूगनाता,रुग्णता
rojvelt,रोजवेल्ट,रुजवेल्ट
roojwelt,रूजवेल्ट,रुजवेल्ट
roosevelt,रूजवेल्ट,रुजवेल्ट
rodolph,रोडोल्फ,रुडोल्फ
rudolf,रूडोल्फ,रुडोल्फ
rudolph,रूडोल्फ,रुडोल्फ
roopesh,रूपेश,रुपेश
rupesh,रूपेश,रुपेश
ruby,रूबी,रुबी
roomani,रूमानी,रुमानी
rumani,रूमानी,रुमानी
rukavaton,रुकावटों,रूकावटों
root,रूत,रूट
route,रूते,रूट
rooting,रूटिंग,रूटिंग
routine,रौटिन,रूटिंग
routing,रूटिंग,रूटिंग
roots,रूट्स,रूट्स
routes,रूट्स,रूट्स
roopak,रूपक,रूपक
rupak,रूपक,रूपक
roopi,रूपी,रूपी
rupi,रूपी,रूपी
rantle,रांटले,रेंटल
rental,रेंटल,रेंटल
registan,रेजिस्टन,रेगिस्तान
registani,रेगिस्तानी,रेगिस्तानी
reja,रेजा,रेजा
reza,रेज़ा,रेजा
rate,रेट,रेट
rate,रेट,रेत
ret,रेट,रेत
refaeli,रिफेली,रेफेली
refeli,रिफली,रेफेली
reshe,रेशे,रेशे
reshey,रेशे,रेशे
race,रेस,रेस
rese,रेसे,रेस
racer,रेसर,रेसर
recer,रिसर,रेसर
racing,रेसिंग,रेसिंग
reson,रेसों,रेसों
rehaana,रहाना,रेहाना
rehana,रहाना,रेहाना
racketeer,रैकेटीर,रैकेटियर
racketier,रैकेटीयर,रैकेटियर
rectare,रिक्टेयर,रैकेटियर
radical,रेडिकल,रैडिकल
raidical,रैडिकल,रैडिकल
raith,राईठ,रैथ
rapping,राप्पिंग,रैपिंग
wrapping,व्रापिंग,रैपिंग
robertsan,रॉबर्टसन,रॉबर्टसन
robertson,रॉबर्ट्सन,रॉबर्टसन
robinson,रॉबिंसन,रॉबिंसन
royals,रॉयल्स,रॉयल्स
rojlin,रोजलिन,रोजलिन
rozlyn,रोजलिन,रोजलिन
rotation,रोटेशन,रोटेशन
rodrigo,रोडरिगों,रोड्रिगो
ronaldo,रोनाल्डो,रोनाल्डो
ronit,रोनिट,रोनित
roni,रोनी,रोनी
ropane,रोपने,रोपने
ropaney,रोपने,रोपने
ropne,रोपने,रोपने
robin,रॉबिन,रोबिन
roya,रोया,रोया
rollers,रॉलर्स,रोलर्स
rovan,रोवन,रोवन
rowan,रोवन,रोवन
rosario,रोसारियो,रोसारियो
rosariyo,रोसारियो,रोसारियो
raubadaar,रौबदार,रौबदार
raubadar,रौबादार,रौबदार
raubdar,रौबदार,रौबदार
landara,लंदारा,लंगड़ा
langada,लंगड़ा,लंगड़ा
langda,लंगड़ा,लंगड़ा
langar,लंगर,लंगर
langaron,लंगरों,लंगरों
langron,लंगरों,लंगरों
lambi,लंबी,लंबी
lakeer,लेकीर,लकीर
lakir,लाकिर,लकीर
lakiron,लाकिरों,लकीरों
lakme,लकमे,लक्मे
lakshmidhar,लक्ष्मीधर,लक्ष्मीधर
lakshmighar,लक्ष्मीघर,लक्ष्मीधर
lakshy,लाक्ष्य,लक्ष्य
lakshya,लाक्ष्य,लक्ष्य
lakshyon,लक्ष्यों,लक्ष्यों
lux,लक्स,लक्स
laksar,लक्सर,लक्सर
luxor,लक्सूर,लक्सर
lakhkhi,लख्खी,लख्खी
lagna,लग्न,लगना
laganewale,लगनेवाले,लगनेवाले
lagnevaaley,लगनेवाले,लगनेवाले
lagnewale,लगनेवाले,लगनेवाले
lagega,लगेगा,लगेगा
lajjalu,लजजालू,लज्जालु
latkate,लटकते,लटकाते
ladki,लड़की,लड़की
ladate,लड़ते,लड़ते
ladte,लड़ते,लड़ते
ladaai,लाड़ाई,लड़ाई
ladai,लाड़ाई,लड़ाई
ladaaiyon,लड़ाइयों,लड़ाईयों
ladaeyon,लड़ाइयों,लड़ाईयों
ladaiyon,लड़ाइयों,लड़ाईयों
lapetane,लपेटने,लपेटने
lapetne,लेपेटने,लपेटने
labada,लबड़ा,लबादा
lbada,लबड़ा,लबादा
labdh,लब्ध,लब्ध
lbdh,ल्बड,लब्ध
lalak,लालक,ललक
lalkarata,ललकराता,ललकारता
lalkarta,ललकर्ता,ललकारता
lalla,लल्ला,लल्ला
lavasa,लवासा,लवासा
lovasa,लवासा,लवासा
lassi,लासी,लस्सी
lahanaa,लहना,लहना
lahna,लहना,लहना
lehna,लहना,लहना
lahraee,लहराई,लहराई
lahrai,लहरायी,लहराई
lehrayi,लहरायी,लहराई
lahalhati,लहाहाती,लहलहाती
lahlahaati,लहलाहाती,लहलहाती
lahlahati,लहलाहती,लहलहाती
lahsun,लहसून,लहसुन
lasoon,लासून,लहसुन
lanchar,लंचर,लांचर
launcher,लाउंचर,लांचर
lycopene,लायकॉपन,लाइकोपिन
lime,लाइम,लाइम
lives,लिव्स,लाइव्स
live,लाइव,लाईव
laegi,लाएगी,लाएगी
lagataar,लगातार,लागातार
lagatar,लगातार,लागातार
laata,लाटा,लाता
lata,लटा,लाता
laati,लाटी,लाती
lati,लटी,लाती
layega,लाएगा,लायेगा
lalpur,लालपुर,लालपुर
las,लास,लास्ट
last,लास्ट,लास्ट
lindbhed,लिंदभेद,लिंगभेद
lingbhed,लिंगभेद,लिंगभेद
lindan,लिंडन,लिंडन
lindn,लिंडन,लिंडन
lindon,लिंडन,लिंडन
likhakar,लिखाकर,लिखकर
likhkar,लिखकर,लिखकर
ligar,लिगर,लिगर
liger,लाइजर,लिगर
liberation,लिबेरेशन,लिबरेशन
libration,लिब्रेशन,लिबरेशन
liberation,लिबेरेशन,लिब्रेशन
libration,लिब्रेशन,लिब्रेशन
leaderon,लीडरों,लीडरों
leedaron,लीडरों,लीडरों
lidaron,लिडारों,लीडरों
liidaron,लिदारों,लीडरों
louis,लूआई,लुईस
luis,लिस,लुईस
ludhakate,लुढ़कते,लुढ़कते
ludhkate,लुढ़कते,लुढ़कते
lurhakate,लुढ़कते,लुढ़कते
lutf,लट,लुत्फ
lumding,लुम्डिंग,लुमडिंग
lootmaar,लूटमार,लूटमार
lootmar,लूटमार,लूटमार
landal,लंदल,लेंडल
lendal,लेंडल,लेंडल
lega,लेगा,लेगा
legaa,लेगा,लेगा
letakar,लेटकर,लेटकर
letkar,लेटकर,लेटकर
lenevali,लेनेवाली,लेनेवाली
lenewali,लेनेवाली,लेनेवाली
label,लेबल,लेबल
labeling,लेबेलिंग,लेबलिंग
labelling,लेबलिंग,लेबलिंग
labelo,लेबेलो,लेबलों
labelon,लबेलों,लेबलों
lebalon,लेबलों,लेबलों
lemon,लेमन,लेमन
laingadan,लैंगड़न,लैंगडन
langdon,लंगदों,लैंगडन
lengdan,लेनगदान,लैंगडन
laigikata,लैगिकता,लैंगिकता
laingikta,लैंगिकता,लैंगिकता
lanset,लैंसेट,लैंसेट
lenset,लेंसेट,लैंसेट
lairi,लैरी,लैरी
lairy,लेरी,लैरी
larry,लेरी,लैरी
lace,लेस,लैस
less,लेस,लैस
locket,लॉकेट,लॉकेट
laundry,लौंदर्य,लॉन्ड्री
longewal,लंगवाल,लोंगोवाल
longewala,लोंगेवाला,लोंगोवाल
longoval,लॉनगवाल,लोंगोवाल
log,लॉग,लोग
loge,लोग,लोगे
lochdar,लोचदार,लोचदार
lodi,लोडी,लोदी
laurence,लॉरेंस,लौरेंस
laurens,लॉरेंस,लौरेंस
laurense,लॉरेंस,लौरेंस
wonder,वॉंडर,वंडर
vansh,वंश,वंश
vanshdhar,वंशधार,वंशधर
vanshavad,वांसशाव,वंशवाद
vanshvaad,वांसवाद,वंशवाद
vanshvad,वांसवाद,वंशवाद
wanshwad,वांसशाड,वंशवाद
vajood,वजूद,वजूद
vajud,वजुद,वजूद
wajood,वजूद,वजूद
vadali,वादली,वडाली
vadli,वादली,वडाली
wadali,वादली,वडाली
vanita,वाणिता,वनिता
vareinye,वरीनय,वरेण्य
varenya,वरेण्य,वरेण्य
varn,वर्ण,वर्ण
varna,वर्ण,वर्ण
varnit,वरणीत,वर्णित
vartamaan,वर्तमान,वर्तमान
vartaman,वर्तमण,वर्तमान
vartmaan,वर्तमान,वर्तमान
vartman,वर्तमान,वर्तमान
varddhaman,वर्दधमन,वर्द्धमान
vardhmaan,वर्धमान,वर्द्धमान
vardhman,वर्धमान,वर्द्धमान
verbal,वेरबल,वर्बल
varshan,वर्षण,वर्शन
vasharan,वशरन,वर्शन
vershan,वर्षण,वर्शन
version,वर्शन,वर्शन
varsaache,वरसाचे,वर्साचे
varsaryache,वर्सार्यचे,वर्साचे
vasearche,वैसर्चे,वर्साचे
valkan,वाल्कन,वल्कन
valkkan,वालक्कन,वल्कन
velkan,वेलकन,वल्कन
vash,वाश,वश
vashikaran,वाशिकरण,वशीकरण
vaangchuk,वांगचुक,वांगचुक
vangchuk,वांगचुक,वांगचुक
wangchuk,वांचचुक,वांगचुक
want,वंट,वांट
vije,विजे,वाइज
vise,वाइस,वाइज
wise,वाइस,वाइज
vatar,वातर,वाटर
water,वाटर,वाटर
watson,वात्सन,वाटसन
wattson,वात्सन,वाटसन
vaan,वान,वाण
waan,वान,वाण
vaanon,वानों,वाणों
vanon,वानों,वाणों
wanon,वानों,वाणों
vatanukulan,वातनुकूलन,वातानुकूलन
watanukoollan,वातनुकूलन,वातानुकूलन
vaadak,वादक,वादक
vadak,वादक,वादक
vaadiyon,वादियों,वादियों
vadiyon,वादियों,वादियों
wadiyon,वादियों,वादियों
vayana,वायना,वायना
vayna,वायना,वायना
wayna,वायना,वायना
wireless,विरलेस,वायरलेस
wirerless,वररेस,वायरलेस
warrior,वारियोर,वारियर्स
warriors,वारियर्स,वारियर्स
valve,वालवे,वाल्व
wolv,वॉव,वाल्व
vastavik,वास्ताविक,वास्तविक
vastvik,वास्त्विक,वास्तविक
vaahikayen,वाहिकाएं,वाहिकाएं
vahikayen,वहिकाएं,वाहिकाएं
wahikayan,वाहिकाएं,वाहिकाएं
winter,विंटर,विंटर
vincent,विंसेंट,विंसेंट
vikalpon,विकल्पों,विकल्पों
wicket,विकट,विकेट
vikramjeet,विक्रमजीत,विक्रमजीत
vikramjit,विक्रमजित,विक्रमजीत
vichaarakon,विचारकों,विचारकों
vicharakon,विचारकों,विचारकों
vigyan,विज्ञान,विज्ञान
vigyaani,विज्ञानी,विज्ञानी
vigyani,विज्ञानी,विज्ञानी
vigyaanon,विज्ञानों,विज्ञानों
vigyanon,विज्ञानों,विज्ञानों
vitthal,वित्थल,विट्ठल
viththal,विथताल,विठ्ठल
vitthal,वित्थल,विठ्ठल
vitark,विटरक,वितर्क
vidhaaein,विधाएं,विद्याएं
vidyaayein,विद्यायें,विद्याएं
vidyaen,विद्याएं,विद्याएं
vidhaaon,विधाओं,विद्याओं
vidyaaon,विद्याओं,विद्याओं
vidyaon,विद्याओं,विद्याओं
vidhansabhaein,विधानसभाएं,विधानसभाएं
vidhansabhaen,विधानसभाएं,विधानसभाएं
vidhivat,विधिवत,विधिवत
vidhut,विधुत,विधुत
vinasht,विनाश्त,विनष्ट
vineet,विनीत,विनीत
vinit,विनिट,विनीत
vipreetataa,विप्रीतता,विपरीतता
vipritata,विप्रितता,विपरीतता
vipra,विप्र,विप्रा
vipro,विप्रो,विप्रो
wipro,विप्रो,विप्रो
vibha,विभा,विभा
vibhajak,विभाजक,विभाजक
vibhram,विभ्रम,विभ्रम
vibhrm,विभ्रम,विभ्रम
vibram,विब्राम,विभ्रम
vimarsh,विमार्श,विमर्श
vimarsho,विमार्शों,विमर्शों
vimarshon,विमार्शों,विमर्शों
virajati,विराजती,विराजती
virechan,विरेचन,विरेचन
virodh,विरोध,विरोध
virodhabhasi,विरोधाभासी,विरोधाभासी
virodhabhason,विरोधाभासों,विरोधाभासों
vividh,विविध,विविध
vivekahin,विवेकाहीन,विवेकहीन
vivekheen,विवेक्खीन,विवेकहीन
visheshan,विशेषण,विशेषण
visheshanon,विशेषणों,विशेषणों
visheshaadhikaar,विशेषाधिकार,विशेषाधिकार
visheshadhikar,विशेषाधिकार,विशेषाधिकार
vishwasaniy,विश्वसनीय,विश्वसनीय
vishwasniiya,विश्वसनीय,विश्वसनीय
vishwasaniyata,विश्वासनीयता,विश्वसनीयता
vishwasniiyataa,विश्वसनियता,विश्वसनीयता
vishahin,विशाहीन,विषहीन
vishhin,विश्हीन,विषहीन
vishanu,विषाणु,विष्णु
vishnu,विष्णु,विष्णु
vlc,वीएलसी,वीएलसी
weeks,वीक्स,वीक्स
veerchand,वीरचंद,वीरचंद
virchand,विरचंद,वीरचंद
veeresh,वीरेश,वीरेश
viresh,विरेश,वीरेश
vritton,वृत्तों,वृत्तों
vruton,वृतों,वृत्तों
vrutton,वृत्तों,वृत्तों
venkataraman,वेंकटरमण,वेंकटरमन
venkatraman,वेंकटरमण,वेंकटरमन
ved,वेद,वेड
wade,वाडे,वेड
wed,वेद,वेड
wedding,वेदिंग,वेडिंग
vediyon,वेदियों,वेदियों
vedon,वेदों,वेदों
venezuela,वेनेजिला,वेनेजुएला
veronica,वरोनिका,वेरोनिका
veronika,वेरोनिका,वेरोनिका
weronika,वेरोनिका,वेरोनिका
velvet,वेलवेट,वेलवेट
welwet,वेलवेट,वेलवेट
welder,वेलर,वेल्डर
weldor,वेलर,वेल्डर
welding,वेलिंग,वेल्डिंग
wealth,वेल्थ,वेल्थ
vellur,वेलर,वेल्लूर
velur,वेलर,वेल्लूर
vesh,वेश,वेश
wasting,वास्टिंग,वेस्टिंग
westing,वेस्टिंग,वेस्टिंग
wastinghouse,वास्टिंघुस,वेस्टिंगहाउस
westinghouse,वेस्टिंघुस,वेस्टिंगहाउस
vaisley,वैसले,वेस्ले
vesle,वेसले,वेस्ले
wesle,वेसले,वेस्ले
vaigyaanik,वैग्यानिक,वैज्ञानिक
vaigyanik,वैग्यानिक,वैज्ञानिक
vegyanik,वेग्यानिक,वैज्ञानिक
vaigyaanikta,वैज्ञानिकता,वैज्ञानिकता
vaigyanikata,वैग्यानिकता,वैज्ञानिकता
vaigyanikta,वैज्ञानिकता,वैज्ञानिकता
vaitravati,वैत्रवती,वैत्रवती
vaitrawati,वैत्रवती,वैत्रवती
vaimanasy,वैमानास्य,वैमनस्य
vaimanasya,वैमानास्य,वैमनस्य
vaimanya,वैमान्य,वैमनस्य
very,वेरी,वैरी
vaisaakh,वैसाख,वैशाख
vaishakh,वैशाख,वैशाख
vaishaakhi,वैशाखी,वैशाखी
vaishakhi,वैशाखी,वैशाखी
vaishnodevi,वैशनोदेवी,वैष्णोदेवी
vyaktigat,व्यक्तिगत,व्यक्तिगत
vyagr,व्याग्र,व्यग्र
vyagra,व्याग्र,व्यग्र
vyatit,व्यतित,व्यतीत
vytit,व्यतित,व्यतीत
vyabhichar,व्याभीचार,व्यभिचार
vyabhichari,व्याभिचारी,व्यभिचार
vyavadhan,व्यवधान,व्यवधान
vyavdhan,व्यवधान,व्यवधान
vyavahargat,व्यवहारगत,व्यवहारगत
vyvhargat,व्यवहार्गत,व्यवहारगत
vyaghat,व्याघात,व्याघात
vyapak,व्यापक,व्यापक
vlad,वलाद,व्लाद
wlaad,वलाद,व्लाद
vladimir,व्लादीमीर,व्लादिमीर
shanghai,शांघाई,शंघाई
shatpath,शत्पथ,शतपथ
shanivar,शानीवार,शनिवार
shaniwar,शानिवार,शनिवार
shabana,शबना,शबाना
shbana,शबना,शबाना
shabdarth,शबदार्थ,शब्दार्थ
shamadan,शमदान,शमादान
shmadan,शमदान,शमादान
shamitabh,शमीताभ,शमिताभ
shamil,शमील,शमिल
shmil,शमील,शमिल
sharabon,शरबों,शराबों
shrabon,श्राबों,शराबों
shararat,शरारत,शरारत
shrart,श्रार्त,शरारत
sharmana,शर्माना,शर्माना
shaharwasiyon,शहरवासियों,शहरवासियों
shahrvasiyon,शहरवासियों,शहरवासियों
shervasiyon,शेरवासियों,शहरवासियों
shahdara,शहदारा,शहादरा
shaantikaal,शांतीकाल,शांतिकाल
shantikal,शांतिकाल,शांतिकाल
shaao,शाओ,शाओ
shao,शाओ,शाओ
shaakir,शाकीर,शाकिर
shakir,शाकीर,शाकिर
shaakhaaen,शाखाएं,शाखाएं
shakhayan,शखायान,शाखाएं
shakhayen,शखाएं,शाखाएं
shayak,शयक,शायक
shaavakon,शावकों,शावकों
shavakon,शावकों,शावकों
shavkon,शावकों,शावकों
shaasaka,शासका,शासक
shasak,शासक,शासक
sasakon,ससकों,शासकों
shaasakon,शासकों,शासकों
shasakon,शासकों,शासकों
shipra,शिप्र,शिप्रा
shirke,शिरके,शिर्के
sheershakon,शीर्षकों,शीर्षकों
shirshakon,शीर्षकों,शीर्षकों
shirshkon,शीर्षकों,शीर्षकों
shujaat,शुजात,शुजात
shujat,शुजत,शुजात
shooting,शूटिंग,शुटिंग
shutting,शटिंग,शुटिंग
should,शौल्ड,शुड
shud,शुद,शुड
shubhankar,शुभंकर,शुभंकर
shumaali,शुमाली,शुमाली
shumali,शुमाली,शुमाली
shringaar,श्रींगार,शृंगार
shringar,श्रींगार,शृंगार
shrungar,श्रुंगर,शृंगार
sheling,शेलिंग,शेलिंग
shelling,शेलिंग,शेलिंग
shaili,शैली,शैली
shaly,शल्य,शैली
sheli,शेली,शैली
shaishav,शैष्वाव,शैशव
sean,सियन,शॉन
shaun,शौन,शॉन
shawn,शावन,शॉन
short,शोर्ट,शोर्ट
sure,सुरे,श्योर
shrankhala,श्रृंखला,श्रंखला
shrankhalaa,श्रृंखला,श्रंखला
shrunkhla,श्रुंखला,श्रंखला
shrankhalaaon,श्रृंखलाओं,श्रंखलाओं
shrinkhalaon,शृंखलाओं,श्रंखलाओं
shrunkhlaon,शृंखलाओं,श्रंखलाओं
shravani,श्रवणी,श्रावणी
shrikar,श्रीकर,श्रीकर
shrikhand,श्रीखंद,श्रीखंड
shrimati,श्रीमती,श्रीमति
shriram,श्रीराम,श्रीराम
sriram,श्रीराम,श्रीराम
shrotaon,श्रोताओं,श्रोताओं
shat,शत,षट्
sankhyaein,संख्याएं,संख्याएं
sankhyaen,संख्याएं,संख्याएं
sankhyayen,संख्यायन,संख्याएं
sanghanit,संघनित,संघनित
sanghnit,संघनित,संघनित
sanchayan,संचयन,संचयन
sanchar,संचर,संचार
sanchaari,संचारी,संचारी
sanchari,संचारी,संचारी
sanchalanon,संचलनों,संचालनों
sanchalnon,संचलनों,संचालनों
sanjay,संजाय,संजय
sanjeevan,संजीवन,संजीवन
sanjivan,संजीवन,संजीवन
santati,संतती,संतति
sandarbh,संदर्भ,संदर्भ
sandarbha,संदर्भ,संदर्भ
sandrbh,संद्रभ,संदर्भ
sandarbhon,संदर्भों,संदर्भों
sandrbhon,संद्रभों,संदर्भों
sandali,संदली,संदली
sandli,संदली,संदली
sandhan,संधन,संधान
samprati,संप्रति,संप्रति
samprti,संप्रति,संप्रति
samprabhu,संप्रभु,संप्रभु
samprbhu,संप्रभु,संप्रभु
samprabhuta,संप्रभूता,संप्रभुता
samprbhuta,संप्रभुता,संप्रभुता
sambit,संबित,संबित
sambhalane,संभालने,संभालने
sambhalne,संभालने,संभालने
sambhrant,संभरणत,संभ्रांत
sanbharnt,संभर्णत,संभ्रांत
sanyog,संयोग,संयुक्त
sanyukt,संयुक्त,संयुक्त
sanyukta,सान्युक्त,संयुक्त
sanyukta,सान्युक्त,संयुक्ता
sanyogvash,संयोग्वश,संयोगवश
sanyojan,सान्योजन,संयोजन
sanyojanon,सान्योजनों,संयोजनों
sanyojnon,सान्योजनों,संयोजनों
samvedikaran,संवेदीकरण,संवेदीकरण
sanvedikaran,संवेदीकरण,संवेदीकरण
samshayon,समशायों,संशयों
sanshayon,संशायों,संशयों
sanshyon,संश्यों,संशयों
sanskaar,संस्कार,संस्कार
sanskar,संस्कार,संस्कार
sanskaari,संस्कारी,संस्कारी
sanskari,संस्कारी,संस्कारी
sanskrit,संस्कृत,संस्कृत
sanskurt,संस्कृत,संस्कृत
sanskritiyan,संस्कृतियां,संस्कृतियां
sanskrutiyan,संस्कृतियां,संस्कृतियां
sanskritiyon,संस्कृतियों,संस्कृतियों
sanskrutiyon,संस्कृतियों,संस्कृतियों
sanasthit,संस्थित,संस्थित
sansthit,संस्थित,संस्थित
sanasthita,सानस्थिता,संस्थिता
sansthita,संस्थिता,संस्थिता
sakara,सकरा,सकरा
sakra,सक्र,सकरा
sakshan,सक्षण,सक्शन
suction,सस्शन,सक्शन
sacchidanand,सचीदानंद,सच्चिदानंद
sachhidanand,सच्चिदानंद,सच्चिदानंद
sachidanand,सचीदानंद,सच्चिदानंद
sajja,सज्जा,सज्जा
sat,सात,सत
satpal,सत्पाल,सतपाल
satluj,सतलूज,सतलुज
sataane,सताने,सताने
satane,सतने,सताने
sate,सेट,सते
satti,सत्ती,सत्ती
satvat,सत्वत,सत्वत
sadanand,सदनंद,सदानंद
sapane,सपने,सपने
sapne,सपने,सपने
sapney,सपने,सपने
saparivaar,सपरिवार,सपरिवार
sapariwar,सपरिवार,सपरिवार
sparivar,स्पेरिवार,सपरिवार
sapaat,सपाट,सपाट
sapat,सपत,सपाट
sapate,सपटे,सपाटे
sapatey,सपते,सपाटे
saptakranti,सप्तकृंती,सप्तक्रांति
saptkraanti,सप्तक्रांती,सप्तक्रांति
saptapadi,सप्तापादी,सप्तपदी
saptpadi,सप्तपादी,सप्तपदी
saptari,सप्तरी,सप्तरी
sapramaan,सप्रमान,सप्रमाण
sapraman,सप्रमण,सप्रमाण
submit,सुबमित,सबमिट
sabmission,सबमिशन,सबमिशन
submission,सबमिशन,सबमिशन
sabhaein,सभाएं,सभाएं
sabhaen,सभाएं,सभाएं
sabhayen,सभाएं,सभाएं
sabhen,सभें,सभाएं
sabhasadon,सभासदों,सभासदों
sabhyata,सभ्यता,सभ्यता
samjhoonga,समझोंगा,समझूंगा
samjhunga,समझुंगा,समझूंगा
samjhungaa,समझुंगा,समझूंगा
saman,सामन,समन
samanvayaka,सामान्वायका,समन्वयक
samanwayaka,सामान्वयका,समन्वयक
samnvyak,समन्वयक,समन्वयक
samaadhaan,समाधान,समाधान
samadhan,समाधन,समाधान
samadhiyon,समाधियों,समाधियों
samadjiyon,समाद्जियों,समाधियों
samalakha,समलक्षा,समालखा
samalakhaa,समलकाखा,समालखा
samahaar,समाहार,समाहार
samahar,समाहार,समाहार
samitiyan,समीतियां,समितियां
sametati,समेतती,समेटती
sametti,समेटी,समेटती
sarka,सरका,सरका
sarkaa,सरका,सरका
sarkarein,सरकारें,सरकारें
sarkaren,सरकरें,सरकारें
sarkaaron,सरकारों,सरकारों
sarkaron,सरकारों,सरकारों
sargana,सरगना,सरगना
sarganaon,सरगनाओं,सरगनाओं
sargi,सर्गी,सरगी
sarguja,सरगुजा,सरगुजा
sarjuga,सर्जूग,सरगुजा
sarsa,सरसा,सरसा
sarsaa,सरसा,सरसा
sarahind,सरहिंद,सरहिंद
sarhind,सरहिंद,सरहिंद
sirhind,सिरहिंद,सरहिंद
saraaha,सराहा,सराहा
saraha,सरह,सराहा
saraahi,साराही,सराही
sarahi,सारही,सराही
salaahkar,सलाहकार,सलाहकार
salahkaar,सलहकार,सलाहकार
salahkar,सलहकर,सलाहकार
saleeb,सलीब,सलीब
salib,सलीब,सलीब
select,सेलेक्ट,सलेक्ट
saltanat,सल्तनात,सल्तनत
saltnat,सल्तनात,सल्तनत
savaal,सावाल,सवाल
saval,सावल,सवाल
sawaal,सवाल,सवाल
sawal,सावल,सवाल
sahakalaakar,सहकालाकर,सहकलाकार
sahakalakar,सहकालकर,सहकलाकार
sahkalakar,सहकालकर,सहकलाकार
sahadev,सहदेव,सहदेव
sahdev,सहदेव,सहदेव
sahrawat,सहरावत,सहरावत
sherawat,शेरावत,सहरावत
sahooliyata,सहूलियता,सहूलियत
sahuliyat,सहुलियत,सहूलियत
sahuuliyata,सहुलियता,सहूलियत
saanketika,सांकेतिका,सांकेतिक
sanketik,संकेटिक,सांकेतिक
saimans,सैमंस,साइमंस
simmons,सिमांस,साइमंस
symons,सीमंस,साइमंस
saima,सैमा,साइमा
sagarika,सगरीका,सागरिका
sagrika,सग्रिका,सागरिका
saga,सगा,सागा
saajan,साजन,साजन
sajan,सजन,साजन
saajsajja,साजसाजजा,साजसज्जा
sajsajja,सजसजजा,साजसज्जा
saja,सजा,साजा
saathsaath,साठसाथ,साथसाथ
sathsath,सथसथ,साथसाथ
sathiya,सथिया,साथिया
saabah,साबह,साबाह
sabah,सबाह,साबाह
samanjasy,समानजस्य,सामंजस्य
samanjasya,समानजस्या,सामंजस्य
samoa,समो,सामोआ
samoaa,समोआ,सामोआ
saayn,साएं,सायं
sayan,सायन,सायं
saym,सायम,सायं
saira,सैरा,सायरा
sayara,सायरा,सायरा
sayra,सायरा,सायरा
salve,सलवे,साल्वे
sahab,सहब,साहब
singapore,सिंगापोर,सिंगापुर
singaar,सिंगार,सिंगार
singar,सिंगार,सिंगार
singer,सिंगर,सिंगार
singhaadey,सिंहाडे,सिंघाड़े
singhade,सिंहड़े,सिंघाड़े
singhde,सिंहदे,सिंघाड़े
singhre,सिंहरे,सिंघाड़े
singhi,सिंही,सिंघी
singha,सिंघा,सिंहा
sinha,सिन्हा,सिंहा
siera,सियरा,सिएरा
sierra,सियरा,सिएरा
sikud,सिकुड़,सिकुड़
signals,सिग्नल्स,सिगनल्स
cigaretton,सिगारेटन,सिगरेटों
cigretton,सिग्रेटन,सिगरेटों
siddhivat,सिद्धिवत,सिद्धवट
siddhvat,सिद्धवत,सिद्धवट
siddhwat,सिद्धवत,सिद्धवट
sinabang,सिनाबंग,सिनाबंग
synapse,सिनाप्स,सिनेप्स
sipah,सिपाह,सिपाह
sipaha,सिपाहा,सिपाह
sipahiyon,सिपहियों,सिपाहियों
sipahi,सिपही,सिपाही
sim,सिम,सिम
simat,सिमत,सिमट
simatataa,सिमातता,सिमटता
simatta,सिमात्ता,सिमटता
simtata,सिमटता,सिमटता
simtataa,सिमटता,सिमटता
cement,सेमेंट,सिमटे
simate,सिमते,सिमटे
simi,सिमी,सिमी
simmy,सिमी,सिमी
sims,सिम्स,सिम्स
siyasi,सियासी,सियासी
siyah,सियाह,सियाह
siyaha,सियाहा,सियाह
sirpur,सिरपुर,सिरपुर
sivan,सिवान,सिवान
siwan,सिवान,सिवान
sisva,सिस्वा,सिसवा
siswa,सिस्वा,सिसवा
cil,सील,सीआईएल
csi,सीआसी,सीएसआई
sikar,सिकर,सीकर
seaten,सीटन,सीटें
sitaram,सीताराम,सीताराम
sitaharan,सीताहरण,सीताहरण
cpm,सीपीएम,सीपीएम
cps,सीपीसी,सीपीएस
cbse,सीबीएस,सीबीएसई
seem,सीम,सीम
sim,सिम,सीम
sealed,सीलेड,सील्ड
shield,शिल्ड,सील्ड
ccd,सीसीडी,सीसीडी
sugamata,सुगमता,सुगमता
sugmta,सुज्मता,सुगमता
sujan,सुजन,सुजेन
sujen,सुजें,सुजेन
suken,सुकें,सुजेन
sujain,सुजाईन,सुजैन
sujhaati,सुझाती,सुझाती
sujhati,सुझाती,सुझाती
sutali,सुतली,सुतली
sutli,सूतली,सुतली
suta,सूता,सुता
sdueep,स्दुएप,सुदीप
sudip,सुदीप,सुदीप
sudhaargrah,सुधारग्रह,सुधारगृह
sudhargrih,सुधारग्रिह,सुधारगृह
sudhargruh,सुधारग्रुह,सुधारगृह
sunaaron,सुनारों,सुनारों
sunaron,सुनारों,सुनारों
sunaseer,सुनासीर,सुनासीर
sunasir,सुनासिर,सुनासीर
suneeti,सुनीती,सुनीति
suniti,सुनीती,सुनीति
sunega,सुनेगा,सुनेगा
suneyga,सुनेगा,सुनेगा
superhit,सुपरहीत,सुपरहिट
supachy,सुपच्य,सुपाच्य
supachya,सुपच्या,सुपाच्य
supachye,सुपाछ्य,सुपाच्य
subhaay,सुभाय,सुभाय
subhay,सुभाय,सुभाय
surveen,सुर्वीन,सुरवीन
survin,सुर्विन,सुरवीन
surana,सुरना,सुराणा
sulkhan,सुल्खन,सुलखान
suljaayi,सुलझाए,सुलझाई
suljayi,सुलझाई,सुलझाई
suljhai,सुलझाई,सुलझाई
sulzai,सुलझाई,सुलझाई
sultana,सुल्ताना,सुलताना
sulaati,सुलाती,सुलाती
sulati,सुलती,सुलाती
susanskrit,सुसंस्कृत,सुसंस्कृत
susanskrut,सुसंसक्रत,सुसंस्कृत
suhagin,सुहागीन,सुहागिन
soond,सूंड,सूंड़
sund,सुंड,सूंड़
suiyan,सुइयां,सूइयां
sukhati,सुखती,सूखती
sukhti,सूखती,सूखती
sukhakar,सुखाकर,सूखाकर
soochak,सूचक,सूचक
suchak,सूचक,सूचक
sooja,सूजा,सूजा
suja,सुजा,सूजा
suba,सुबा,सूबा
sube,सूबे,सूबे
sooraj,सूरज,सूरज
suraj,सुरज,सूरज
surinaam,सुरीनाम,सूरीनाम
surinama,सुरीनामा,सूरीनाम
suriname,सुरिनाम,सूरीनाम
suryadev,सुर्यदेव,सूर्यदेव
sendha,सेंढा,सेंधा
senvai,सेंवाई,सेंवई
sevai,सेवाई,सेंवई
sensing,सेंसिंग,सेंसिंग
sexual,सेक्सूल,सेक्सुअल
saturday,सतुर्दय,सेटरडे
seti,सेती,सेटी
seto,सीटो,सेटो
seth,सेठ,सेथ
safety,सेफेटी,सेफ्टी
semen,सेमें,सेमिन
semin,सेमिन,सेमिन
self,सेल्फ,सेल्फ
selfie,सेल्फाइन,सेल्फी
save,सेव,सेव
sev,सेव,सेव
sevakon,सेवकों,सेवकों
sevkon,सेवकों,सेवकों
samuels,समूल्स,सैम्युल्स
celery,सेल्री,सैलरी
salary,सैल्यरी,सैलरी
sakar,साकर,सॉकर
socar,सोकर,सॉकर
soccer,सासर,सॉकर
songs,सोंग्स,सॉन्ग्स
solicitor,सॉलीसिटर,सॉलिसिटर
sochane,सोचने,सोचने
sochne,सोचने,सोचने
sonu,सोनु,सोनू
soma,सोमा,सोमा
spma,स्पमा,सोमा
somi,सोमी,सोमी
soy,सॉय,सोय
soya,सोया,सोया
solitaire,सोलिटाइर,सोलिटेयर
soharai,सोहराई,सोहराई
sohrai,सोहराई,सोहराई
sohaval,सोहावल,सोहावल
sohawal,सोहावल,सोहावल
saunpane,सौंपने,सौंपने
sonpne,सोंपन,सौंपने
scala,स्काला,स्काला
skala,स्काला,स्काला
ski,स्की,स्की
scootaron,स्कूटारों,स्कूटरों
scooteron,स्कूटेरों,स्कूटरों
skootaron,स्कूटरों,स्कूटरों
scandinavia,स्कैंडीनविया,स्कैंडिनेविया
scaining,स्केइंग,स्कैनिंग
scanning,स्केनिंग,स्कैनिंग
squash,स्क्वाश,स्क्वाश
squash,स्क्वाश,स्क्वैश
skhalan,स्क्हलन,स्खलन
stain,स्टेन,स्टैन
stan,स्टान,स्टैन
stop,स्टॉप,स्टॉप
stops,स्टॉप्स,स्टॉप्स
stone,स्टोन,स्टोन
straws,स्ट्रास,स्ट्रास
stress,स्ट्रेस,स्ट्रास
stra,स्ट्रा,स्ट्रे
stray,स्ट्रे,स्ट्रे
stre,स्ट्री,स्ट्रे
strocks,स्ट्रॉक्स,स्ट्रोक्स
strokes,स्ट्रोक्स,स्ट्रोक्स
stan,स्टान,स्तन
stanadhari,स्तनधारी,स्तनधारी
standhaari,स्तंधारी,स्तनधारी
standhari,स्तंधारी,स्तनधारी
sthiti,स्थिती,स्तिथि
stithi,स्टीथी,स्तिथि
stuti,स्टूटी,स्तुति
sthitiyaan,स्थितियां,स्थितियां
sthitiyan,स्थितियां,स्थितियां
sthitiyon,स्थितियों,स्थितियों
sthool,स्थूल,स्थूल
sthul,स्थूल,स्थूल
sthoolta,स्थूलता,स्थूलता
sthulata,स्थूलता,स्थूलता
sneakers,स्नीकर्स,स्नीकर्स
snickers,स्निकर्स,स्नीकर्स
snikarse,स्निकर्स,स्नीकर्स
spear,स्पीयर,स्पीयर
spell,स्पेल,स्पेल
spelar,स्पेलर,स्पेलर
speller,स्पेलर,स्पेलर
sprint,स्प्रिंट,स्प्रिट
sprit,स्प्रित,स्प्रिट
spray,स्प्राय,स्प्रे
spry,स्प्री,स्प्रे
sfoorti,स्फूर्ती,स्फूर्ति
sfurti,स्फूरती,स्फूर्ति
sphoorti,स्फूरती,स्फूर्ति
slide,स्लाइड,स्लाइड
slider,स्लाइडर,स्लाइडर
slaaidon,स्लाइदों,स्लाइडों
slidon,स्लीडन,स्लाइडों
sliders,स्लाइडर्स,स्लाइड्स
slides,स्लाइड्स,स्लाइड्स
slice,स्लाइस,स्लाइस
slash,स्लैश,स्लैश
swaroopon,स्वरूपों,स्वरुपों
swarupon,स्वरूपों,स्वरुपों
swa,स्व,स्वा
swaachaalit,स्वाचालित,स्वाचालित
swachalit,स्वचालित,स्वाचालित
swaarthparak,स्वार्थपारक,स्वार्थपरक
swarthparak,स्वर्थपारक,स्वार्थपरक
swiftlate,स्विफ्टलेट,स्विफ्टलेट
swiftlet,स्विफ्टलेट,स्विफ्टलेट
sweekarte,स्वीकार्ट,स्वीकारते
swikarte,स्वीकारते,स्वीकारते
sweet,स्वीत,स्वीट
sweep,स्वीप,स्वीप
sweccha,स्वेच्छा,स्वेच्छा
swecha,स्वेच्छा,स्वेच्छा
swechha,स्वेच्छ,स्वेच्छा
sweta,स्वेता,स्वेता
swap,स्वप,स्वैप
swipe,स्विप,स्वैप
handiya,हांडिया,हंडिया
handiyaa,हैंडिया,हंडिया
hundiya,हुंडिया,हंडिया
hakikat,हकीकत,हकीकत
haqeeqat,हकीकत,हकीकत
hathiya,हठिया,हथिया
hamala,हमाला,हमला
hamla,हमला,हमला
hamalavar,हमलावर,हमलावर
hamlavar,हमलावर,हमलावर
humlavar,हमलावर,हमलावर
hamaal,हमाल,हमाल
hamal,हमल,हमाल
hercules,हरकलेस,हरक्यूलिस
hardas,हरदास,हरदास
harpaal,हरपाल,हरपाल
harpal,हरपल,हरपाल
harvansh,हरवंश,हरवंश
haraval,हरावल,हरावल
harawal,हरावल,हरावल
hurricane,हर्डिकने,हरिकेन
harijan,हरिजन,हरिजन
hariyali,हरियाली,हरियाली
harshit,हर्षित,हर्षित
haldi,हल्दी,हल्दी
halla,हल्ला,हल्ला
hawamahal,हवामहाल,हवामहल
hawalaat,हवालात,हवालात
hawalat,हवालत,हवालात
hasino,हासिनो,हसीनों
hasinon,हसीनों,हसीनों
haan,हान,हां
han,हान,हां
haanfte,हांफते,हांफते
hafate,हफाते,हांफते
hanfte,हैंफते,हांफते
higman,हिज्ञान,हाइमन
hymen,हमें,हाइमन
hadauti,हड़ौती,हाड़ौती
haani,हानी,हानी
hani,हानी,हानी
haarjeet,हारजीत,हारजीत
harjeet,हरजीत,हारजीत
haaranaa,हारना,हारना
harana,हरना,हारना
harna,हरना,हारना
haalchaal,हालचाल,हालचाल
haalchal,हालचाल,हालचाल
halchaal,हलचाल,हालचाल
halchal,हलचल,हालचाल
halt,हाल्ट,हाल्ट
hault,हॉल्ट,हाल्ट
hahakar,हहकर,हाहाकार
hingis,हिंगिस,हिंगिस
hindan,हिंदन,हिंडन
hindon,हिंदों,हिंडन
hijada,हिजड़ा,हिजड़ा
hijda,हिजड़ा,हिजड़ा
hijbul,हिजबुल,हिजबुल
hippo,हिप्पो,हिप्पो
hippopotamus,हिप्पोपोटमुस,हिप्पोपोटेमस
himali,हिमली,हिमाली
hilane,हिलाने,हिलने
hilne,हिलने,हिलने
hisham,हिशम,हिशाम
heeraganj,हीरागंज,हीरागंज
hiraganj,हीरागंज,हीरागंज
heroes,हेरोस,हीरोज
heros,हेरोस,हीरोज
hui,हुई,हुईं
huin,हुइं,हुईं
hooper,हूपर,हूपर
huppar,हुपर,हूपर
hupper,हपर,हूपर
hegde,हेगड़े,हेगडे
hemvati,हेमवती,हेमवती
hemwati,हेमवती,हेमवती
help,हेल्प,हेल्प
helper,हेलपर,हेल्पर
haito,हैटो,हैतो
hairam,हैरम,हैरम
harem,हेरेम,हैरम
herald,हेराल्ड,हैराल्ड
haive,हैवे,हैव
have,हेव,हैव
hong,होंग,हॉन्ग
half,हाफ,हॉफ
hoaf,होफ,हॉफ
hounga,हौंगा,होऊंगा
holding,हाल्डिंग,होल्डिंग
hoshangabaad,होषणगाबाद,होशंगाबाद
hoshangabad,होषाणगाबाद,होशंगाबाद
hostes,होस्ट्स,होस्टेस
hostess,हॉस्टेस,होस्टेस
